tag,orig_loc,dest_loc,take_car,take_transit,take_ondemand,take_walk,mass,leave_time_start,leave_time_end,arrival_time_start,arrival_time_end
person0,[-85.28493889  35.00015257],[-85.31034525  35.03990698],1.0,1.0,1.0,1.0,60,75851.0,77651.0,80316.0,82116.0
person1,[-85.28883218  35.01242231],[-85.30465773  35.04127674],1.0,1.0,1.0,1.0,60,82658.0,84458.0,86599.0,88399.0
person2,[-85.28853802  35.0074865 ],[-85.30852686  35.05234857],1.0,1.0,1.0,1.0,60,72104.0,73904.0,75775.0,77575.0
person3,[-85.28266449  35.00791589],[-85.30720567  35.05019884],1.0,1.0,1.0,1.0,60,56857.0,58657.0,62496.0,64296.0
person4,[-85.28266449  35.00791589],[-85.30720567  35.05019884],0.0,1.0,1.0,1.0,60,62731.0,64531.0,67295.0,69095.0
person5,[-85.28416774  35.00539975],[-85.31492253  35.04754464],1.0,1.0,1.0,1.0,60,64083.0,65883.0,68093.0,69893.0
person6,[-85.28416774  35.00539975],[-85.31492253  35.04754464],0.0,1.0,1.0,1.0,60,41439.0,43239.0,45337.0,47137.0
person7,[-85.28429599  35.00870033],[-85.3122068   35.04287024],1.0,1.0,1.0,1.0,60,64844.0,66644.0,69631.0,71431.0
person8,[-85.28429599  35.00870033],[-85.3122068   35.04287024],0.0,1.0,1.0,1.0,60,30488.0,32288.0,35677.0,37477.0
person9,[-85.28612588  35.0089866 ],[-85.30866408  35.04595212],1.0,1.0,1.0,1.0,60,50569.0,52369.0,57123.0,58923.0
person10,[-85.2875141   35.01893368],[-85.30583995  35.04740243],1.0,1.0,1.0,1.0,60,77328.0,79128.0,81018.0,82818.0
person11,[-85.28177432  35.00739523],[-85.31031482  35.0422097 ],1.0,1.0,1.0,1.0,60,80598.0,82398.0,86278.0,88078.0
person12,[-85.28177432  35.00739523],[-85.31031482  35.0422097 ],0.0,1.0,1.0,1.0,60,59034.0,60834.0,62821.0,64621.0
person13,[-85.28877319  35.00735942],[-85.31102715  35.05007135],1.0,1.0,1.0,1.0,60,81936.0,83736.0,85618.0,87418.0
person14,[-85.28754886  35.00259818],[-85.30572289  35.04407106],1.0,1.0,1.0,1.0,60,78361.0,80161.0,85014.0,86814.0
person15,[-85.28961698  35.02519646],[-85.29979418  35.04681085],1.0,1.0,1.0,1.0,60,58359.0,60159.0,63561.0,65361.0
person16,[-85.29009337  35.00981868],[-85.30915712  35.04096028],1.0,1.0,1.0,1.0,60,82283.0,84083.0,86385.0,88185.0
person17,[-85.28618224  35.00408733],[-85.30765297  35.04305638],1.0,1.0,1.0,1.0,60,79328.0,81128.0,83209.0,85009.0
person18,[-85.28675581  35.00663523],[-85.30332877  35.04712878],1.0,1.0,1.0,1.0,60,80400.0,82200.0,85368.0,87168.0
person19,[-85.28675581  35.00663523],[-85.30332877  35.04712878],0.0,1.0,1.0,1.0,60,62966.0,64766.0,66718.0,68518.0
person20,[-85.29035044  35.01914067],[-85.29810404  35.04145277],1.0,1.0,1.0,1.0,60,78558.0,80358.0,82385.0,84185.0
person21,[-85.29221757  34.97419837],[-85.31225242  35.0414081 ],1.0,1.0,1.0,1.0,60,82589.0,84389.0,86280.0,88080.0
person22,[-85.28983954  35.01196044],[-85.30789489  35.04632636],1.0,1.0,1.0,1.0,60,82090.0,83890.0,85823.0,87623.0
person23,[-85.28772625  35.0213412 ],[-85.3171047   35.04559503],1.0,1.0,1.0,1.0,60,55954.0,57754.0,60392.0,62192.0
person24,[-85.29098438  34.99033946],[-85.31153801  35.04109113],1.0,1.0,1.0,1.0,60,71951.0,73751.0,76132.0,77932.0
person25,[-85.28709839  35.00933875],[-85.31505888  35.05352925],1.0,1.0,1.0,1.0,60,81060.0,82860.0,86512.0,88312.0
person26,[-85.28685815  35.01064482],[-85.31083531  35.04389345],1.0,1.0,1.0,1.0,60,80633.0,82433.0,85089.0,86889.0
person27,[-85.28972994  35.01558591],[-85.31380915  35.04289147],1.0,1.0,1.0,1.0,60,76715.0,78515.0,81872.0,83672.0
person28,[-85.28344342  35.00145838],[-85.30177585  35.04313598],1.0,1.0,1.0,1.0,60,65309.0,67109.0,69884.0,71684.0
person29,[-85.28344342  35.00145838],[-85.30177585  35.04313598],0.0,1.0,1.0,1.0,60,51957.0,53757.0,57420.0,59220.0
person30,[-85.28179613  35.00357421],[-85.31458199  35.04691231],1.0,1.0,1.0,1.0,60,59279.0,61079.0,63578.0,65378.0
person31,[-85.28179613  35.00357421],[-85.31458199  35.04691231],0.0,1.0,1.0,1.0,60,78852.0,80652.0,82830.0,84630.0
person32,[-85.29214284  35.00211512],[-85.30994656  35.04899387],1.0,1.0,1.0,1.0,60,74449.0,76249.0,80572.0,82372.0
person33,[-85.2858697   35.00431951],[-85.30934095  35.04387487],1.0,1.0,1.0,1.0,60,55346.0,57146.0,59936.0,61736.0
person34,[-85.28740665  34.99643266],[-85.30574844  35.0374066 ],1.0,1.0,1.0,1.0,60,66176.0,67976.0,71246.0,73046.0
person35,[-85.28420722  35.01338703],[-85.3124916   35.04902165],1.0,1.0,1.0,1.0,60,83794.0,85594.0,87820.0,89620.0
person36,[-85.28494858  34.99640888],[-85.30693444  35.05094849],1.0,1.0,1.0,1.0,60,72908.0,74708.0,78311.0,80111.0
person37,[-85.28494858  34.99640888],[-85.30693444  35.05094849],0.0,1.0,1.0,1.0,60,76678.0,78478.0,83651.0,85451.0
person38,[-85.28213968  35.02581613],[-85.30917996  35.04807812],1.0,1.0,1.0,1.0,60,49760.0,51560.0,55827.0,57627.0
person39,[-85.29105254  35.01027955],[-85.30794228  35.0482649 ],1.0,1.0,1.0,1.0,60,54336.0,56136.0,59452.0,61252.0
person40,[-85.2867149   35.00673221],[-85.31194233  35.04793351],1.0,1.0,1.0,1.0,60,75893.0,77693.0,79697.0,81497.0
person41,[-85.2867149   35.00673221],[-85.31194233  35.04793351],0.0,1.0,1.0,1.0,60,82844.0,84644.0,87324.0,89124.0
person42,[-85.28217854  35.00129782],[-85.30538219  35.04737219],1.0,1.0,1.0,1.0,60,79462.0,81262.0,85563.0,87363.0
person43,[-85.28217854  35.00129782],[-85.30538219  35.04737219],0.0,1.0,1.0,1.0,60,59187.0,60987.0,64338.0,66138.0
person44,[-85.29242582  35.00534139],[-85.31142203  35.037469  ],1.0,1.0,1.0,1.0,60,79506.0,81306.0,86449.0,88249.0
person45,[-85.28511477  34.99714105],[-85.31284737  35.04397013],1.0,1.0,1.0,1.0,60,39910.0,41710.0,44253.0,46053.0
person46,[-85.28511477  34.99714105],[-85.31284737  35.04397013],0.0,1.0,1.0,1.0,60,80549.0,82349.0,84297.0,86097.0
person47,[-85.2764003   35.00428678],[-85.31217163  35.04268252],1.0,1.0,1.0,1.0,60,16461.0,18261.0,23052.0,24852.0
person48,[-85.2764003   35.00428678],[-85.31217163  35.04268252],0.0,1.0,1.0,1.0,60,80000.0,81800.0,84525.0,86325.0
person49,[-85.29874606  35.00068479],[-85.30708524  35.04654548],1.0,1.0,1.0,1.0,60,82337.0,84137.0,86328.0,88128.0
person50,[-85.28448989  35.01084596],[-85.31232424  35.04996345],1.0,1.0,1.0,1.0,60,80703.0,82503.0,86794.0,88594.0
person51,[-85.288421    35.02055904],[-85.30612334  35.04836517],1.0,1.0,1.0,1.0,60,58792.0,60592.0,65890.0,67690.0
person52,[-85.28975245  35.01104136],[-85.30806662  35.04327887],1.0,1.0,1.0,1.0,60,18593.0,20393.0,24361.0,26161.0
person53,[-85.29126867  35.01102353],[-85.31277747  35.04519236],1.0,1.0,1.0,1.0,60,77748.0,79548.0,81964.0,83764.0
person54,[-85.28741522  35.01399215],[-85.30642194  35.04304298],1.0,1.0,1.0,1.0,60,81319.0,83119.0,86156.0,87956.0
person55,[-85.28622315  35.0039299 ],[-85.30389509  35.03939384],1.0,1.0,1.0,1.0,60,55084.0,56884.0,61859.0,63659.0
person56,[-85.29210888  35.00787921],[-85.30945741  35.04598678],1.0,1.0,1.0,1.0,60,84425.0,86225.0,88039.0,89839.0
person57,[-85.29474674  34.99508151],[-85.30854074  35.04252888],1.0,1.0,1.0,1.0,60,72678.0,74478.0,79291.0,81091.0
person58,[-85.28645421  35.00080755],[-85.31872909  35.04071664],1.0,1.0,1.0,1.0,60,61635.0,63435.0,67506.0,69306.0
person59,[-85.28926487  35.00783118],[-85.31185551  35.04846724],1.0,1.0,1.0,1.0,60,48190.0,49990.0,54842.0,56642.0
person60,[-85.28839365  35.0199023 ],[-85.30077323  35.04273526],1.0,1.0,1.0,1.0,60,81775.0,83575.0,86847.0,88647.0
person61,[-85.28314797  35.0023871 ],[-85.30776273  35.04491943],1.0,1.0,1.0,1.0,60,80327.0,82127.0,87448.0,89248.0
person62,[-85.28314797  35.0023871 ],[-85.30776273  35.04491943],0.0,1.0,1.0,1.0,60,71069.0,72869.0,74925.0,76725.0
person63,[-85.28956043  35.01331824],[-85.31565976  35.04560559],1.0,1.0,1.0,1.0,60,81072.0,82872.0,86648.0,88448.0
person64,[-85.28891618  35.00156194],[-85.30551367  35.04107867],1.0,1.0,1.0,1.0,60,81220.0,83020.0,88005.0,89805.0
person65,[-85.2884472   34.99258451],[-85.31257499  35.04165814],1.0,1.0,1.0,1.0,60,47735.0,49535.0,54644.0,56444.0
person66,[-85.28998888  35.017645  ],[-85.30242437  35.04510368],1.0,1.0,1.0,1.0,60,79297.0,81097.0,84565.0,86365.0
person67,[-85.28573601  34.99647342],[-85.30795525  35.04765272],1.0,1.0,1.0,1.0,60,80835.0,82635.0,85074.0,86874.0
person68,[-85.28573601  34.99647342],[-85.30795525  35.04765272],0.0,1.0,1.0,1.0,60,73736.0,75536.0,79950.0,81750.0
person69,[-85.29232808  35.01311374],[-85.30851367  35.0423605 ],1.0,1.0,1.0,1.0,60,67929.0,69729.0,72116.0,73916.0
person70,[-85.2902125  35.0121591],[-85.30604001  35.04646432],1.0,1.0,1.0,1.0,60,81372.0,83172.0,87217.0,89017.0
person71,[-85.28733792  35.01751279],[-85.30657015  35.04702308],1.0,1.0,1.0,1.0,60,48859.0,50659.0,55817.0,57617.0
person72,[-85.29396907  35.0070221 ],[-85.3119041   35.04528877],1.0,1.0,1.0,1.0,60,82273.0,84073.0,85967.0,87767.0
person73,[-85.28611591  34.9882052 ],[-85.31741903  35.05089395],1.0,1.0,1.0,1.0,60,75841.0,77641.0,81446.0,83246.0
person74,[-85.29385979  35.01790963],[-85.3042358   35.04149776],1.0,1.0,1.0,1.0,60,40448.0,42248.0,45643.0,47443.0
person75,[-85.28809002  35.01378641],[-85.30880379  35.05530341],1.0,1.0,1.0,1.0,60,45921.0,47721.0,50659.0,52459.0
person76,[-85.29699141  34.98858388],[-85.30979655  35.0425604 ],1.0,1.0,1.0,1.0,60,57592.0,59392.0,63773.0,65573.0
person77,[-85.28537539  35.00857613],[-85.31413021  35.04873671],1.0,1.0,1.0,1.0,60,46073.0,47873.0,50103.0,51903.0
person78,[-85.28537539  35.00857613],[-85.31413021  35.04873671],0.0,1.0,1.0,1.0,60,25529.0,27329.0,30805.0,32605.0
person79,[-85.2834745   35.00272397],[-85.30301964  35.03999236],1.0,1.0,1.0,1.0,60,80287.0,82087.0,87060.0,88860.0
person80,[-85.2834745   35.00272397],[-85.30301964  35.03999236],0.0,1.0,1.0,1.0,60,81423.0,83223.0,85970.0,87770.0
person81,[-85.28523731  34.9997252 ],[-85.30315627  35.04733787],1.0,1.0,1.0,1.0,60,82720.0,84520.0,87366.0,89166.0
person82,[-85.29597877  35.01007527],[-85.31078691  35.04913414],1.0,1.0,1.0,1.0,60,80411.0,82211.0,85664.0,87464.0
person83,[-85.28515462  35.01790275],[-85.31058182  35.03973374],1.0,1.0,1.0,1.0,60,81087.0,82887.0,87873.0,89673.0
person84,[-85.29377684  35.00488647],[-85.30498197  35.04799179],1.0,1.0,1.0,1.0,60,79422.0,81222.0,85514.0,87314.0
person85,[-85.28523342  34.98992777],[-85.3052437   35.04955502],1.0,1.0,1.0,1.0,60,82519.0,84319.0,86674.0,88474.0
person86,[-85.28258279  34.98910488],[-85.30643707  35.04910028],1.0,1.0,1.0,1.0,60,81982.0,83782.0,86784.0,88584.0
person87,[-85.28933101  35.0154893 ],[-85.30975128  35.04026767],1.0,1.0,1.0,1.0,60,57441.0,59241.0,63319.0,65119.0
person88,[-85.28908326  35.00023343],[-85.31457436  35.04352274],1.0,1.0,1.0,1.0,60,26775.0,28575.0,32769.0,34569.0
person89,[-85.29418399  35.01817425],[-85.30399367  35.0522131 ],1.0,1.0,1.0,1.0,60,66870.0,68670.0,73823.0,75623.0
person90,[-85.28824353  35.0106885 ],[-85.30340646  35.04982626],1.0,1.0,1.0,1.0,60,35786.0,37586.0,40770.0,42570.0
person91,[-85.29209836  35.01242519],[-85.31217974  35.04875838],1.0,1.0,1.0,1.0,60,83836.0,85636.0,88003.0,89803.0
person92,[-85.28462812  34.99299111],[-85.29959369  35.0522293 ],1.0,1.0,1.0,1.0,60,38144.0,39944.0,44306.0,46106.0
person93,[-85.27953409  35.0097562 ],[-85.30981988  35.04709041],1.0,1.0,1.0,1.0,60,84268.0,86068.0,87948.0,89748.0
person94,[-85.29313508  35.03419197],[-85.30657098  35.05130516],1.0,1.0,1.0,1.0,60,65728.0,67528.0,70349.0,72149.0
person95,[-85.29313508  35.03419197],[-85.30657098  35.05130516],0.0,1.0,1.0,1.0,60,76103.0,77903.0,83035.0,84835.0
person96,[-85.29286473  35.00561534],[-85.30173751  35.04399028],1.0,1.0,1.0,1.0,60,39383.0,41183.0,45632.0,47432.0
person97,[-85.29460291  34.99624199],[-85.31426094  35.03899109],1.0,1.0,1.0,1.0,60,58912.0,60712.0,65933.0,67733.0
person98,[-85.28785597  34.99072704],[-85.30264952  35.04642921],1.0,1.0,1.0,1.0,60,73087.0,74887.0,79590.0,81390.0
person99,[-85.29235422  34.99807327],[-85.31129939  35.04717101],1.0,1.0,1.0,1.0,60,80652.0,82452.0,87691.0,89491.0
person100,[-85.28533827  35.0145256 ],[-85.30072725  35.04228989],1.0,1.0,1.0,1.0,60,70579.0,72379.0,76303.0,78103.0
person101,[-85.28730184  35.0056258 ],[-85.31030885  35.04726919],1.0,1.0,1.0,1.0,60,75424.0,77224.0,79196.0,80996.0
person102,[-85.29179396  35.00922888],[-85.3098463   35.04382687],1.0,1.0,1.0,1.0,60,83694.0,85494.0,87536.0,89336.0
person103,[-85.29181546  34.99330401],[-85.30631393  35.04767025],1.0,1.0,1.0,1.0,60,83062.0,84862.0,86712.0,88512.0
person104,[-85.2902045   35.01217017],[-85.30369128  35.05601379],1.0,1.0,1.0,1.0,60,67323.0,69123.0,73355.0,75155.0
person105,[-85.2937355   35.01104213],[-85.31041861  35.04540599],1.0,1.0,1.0,1.0,60,58376.0,60176.0,63375.0,65175.0
person106,[-85.28374458  34.99343473],[-85.31130483  35.04433234],1.0,1.0,1.0,1.0,60,69686.0,71486.0,74593.0,76393.0
person107,[-85.29007349  35.00901966],[-85.30531699  35.04650953],1.0,1.0,1.0,1.0,60,81184.0,82984.0,86026.0,87826.0
person108,[-85.28812039  35.01125679],[-85.31181826  35.04339777],1.0,1.0,1.0,1.0,60,38275.0,40075.0,43768.0,45568.0
person109,[-85.28374797  35.02146279],[-85.3108441   35.04996864],1.0,1.0,1.0,1.0,60,78650.0,80450.0,84841.0,86641.0
person110,[-85.28807283  35.00830934],[-85.30498992  35.04177662],1.0,1.0,1.0,1.0,60,40996.0,42796.0,47883.0,49683.0
person111,[-85.28970196  35.00489778],[-85.30690994  35.04887123],1.0,1.0,1.0,1.0,60,83627.0,85427.0,87989.0,89789.0
person112,[-85.28494761  35.0088133 ],[-85.3036922   35.04837203],1.0,1.0,1.0,1.0,60,38911.0,40711.0,42833.0,44633.0
person113,[-85.28494761  35.0088133 ],[-85.3036922   35.04837203],0.0,1.0,1.0,1.0,60,27905.0,29705.0,32028.0,33828.0
person114,[-85.29097912  35.01236574],[-85.29799237  35.04291769],1.0,1.0,1.0,1.0,60,53150.0,54950.0,57362.0,59162.0
person115,[-85.28686285  35.01043567],[-85.30571208  35.04842185],1.0,1.0,1.0,1.0,60,57310.0,59110.0,64508.0,66308.0
person116,[-85.2841443   35.01307133],[-85.31029932  35.04302008],1.0,1.0,1.0,1.0,60,79971.0,81771.0,86274.0,88074.0
person117,[-85.28732134  35.01697863],[-85.30664046  35.05229343],1.0,1.0,1.0,1.0,60,80279.0,82079.0,84717.0,86517.0
person118,[-85.28711719  35.01469698],[-85.31014692  35.04098655],1.0,1.0,1.0,1.0,60,82892.0,84692.0,86793.0,88593.0
person119,[-85.29018277  35.00824692],[-85.30893861  35.04254948],1.0,1.0,1.0,1.0,60,28272.0,30072.0,34383.0,36183.0
person120,[-85.29402969  35.01298762],[-85.31191458  35.04357269],1.0,1.0,1.0,1.0,60,72302.0,74102.0,78680.0,80480.0
person121,[-85.2974952   35.00653998],[-85.31596351  35.04270153],1.0,1.0,1.0,1.0,60,82983.0,84783.0,87934.0,89734.0
person122,[-85.29897869  35.01597936],[-85.30020617  35.04377729],1.0,1.0,1.0,1.0,60,41072.0,42872.0,48195.0,49995.0
person123,[-85.28768103  35.00826086],[-85.3019662   35.04217257],1.0,1.0,1.0,1.0,60,49761.0,51561.0,55185.0,56985.0
person124,[-85.28896587  35.0093255 ],[-85.30828255  35.0416028 ],1.0,1.0,1.0,1.0,60,80585.0,82385.0,85286.0,87086.0
person125,[-85.28451032  35.01857163],[-85.30376739  35.04612874],1.0,1.0,1.0,1.0,60,79203.0,81003.0,84894.0,86694.0
person126,[-85.27242059  35.00279479],[-85.30921226  35.03957296],1.0,1.0,1.0,1.0,60,51061.0,52861.0,58152.0,59952.0
person127,[-85.28601272  35.00063215],[-85.30898529  35.04329409],1.0,1.0,1.0,1.0,60,76124.0,77924.0,80193.0,81993.0
person128,[-85.30041979  35.00597567],[-85.30625018  35.04157801],1.0,1.0,1.0,1.0,60,81351.0,83151.0,88111.0,89911.0
person129,[-85.2855591  35.011592 ],[-85.31183559  35.04718026],1.0,1.0,1.0,1.0,60,78832.0,80632.0,82901.0,84701.0
person130,[-85.29253444  34.99229434],[-85.30177903  35.04810761],1.0,1.0,1.0,1.0,60,15801.0,17601.0,21403.0,23203.0
person131,[-85.28877488  35.00658602],[-85.30734362  35.04577219],1.0,1.0,1.0,1.0,60,82527.0,84327.0,86175.0,87975.0
person132,[-85.29116679  35.00529846],[-85.31216931  35.03896108],1.0,1.0,1.0,1.0,60,75811.0,77611.0,81852.0,83652.0
person133,[-85.2885435   34.99899043],[-85.30930216  35.04597081],1.0,1.0,1.0,1.0,60,68627.0,70427.0,75373.0,77173.0
person134,[-85.29483077  35.00353956],[-85.30446295  35.04580636],1.0,1.0,1.0,1.0,60,78282.0,80082.0,84715.0,86515.0
person135,[-85.28565323  35.00626936],[-85.30529367  35.04370698],1.0,1.0,1.0,1.0,60,73134.0,74934.0,77318.0,79118.0
person136,[-85.28565323  35.00626936],[-85.30529367  35.04370698],0.0,1.0,1.0,1.0,60,30669.0,32469.0,36809.0,38609.0
person137,[-85.28350882  34.9995709 ],[-85.30799609  35.04943476],1.0,1.0,1.0,1.0,60,66424.0,68224.0,71603.0,73403.0
person138,[-85.28350882  34.9995709 ],[-85.30799609  35.04943476],0.0,1.0,1.0,1.0,60,43558.0,45358.0,49017.0,50817.0
person139,[-85.28897367  35.01887442],[-85.32343943  35.04127428],1.0,1.0,1.0,1.0,60,81821.0,83621.0,87477.0,89277.0
person140,[-85.28541195  35.00918979],[-85.31135564  35.04575095],1.0,1.0,1.0,1.0,60,76904.0,78704.0,82530.0,84330.0
person141,[-85.28356029  35.00021111],[-85.30394193  35.04821892],1.0,1.0,1.0,1.0,60,81165.0,82965.0,86240.0,88040.0
person142,[-85.28356029  35.00021111],[-85.30394193  35.04821892],0.0,1.0,1.0,1.0,60,83443.0,85243.0,87255.0,89055.0
person143,[-85.28749951  35.02101902],[-85.3101999   35.04599592],1.0,1.0,1.0,1.0,60,49800.0,51600.0,55212.0,57012.0
person144,[-85.28695149  34.99921292],[-85.31452004  35.0439519 ],1.0,1.0,1.0,1.0,60,81468.0,83268.0,86996.0,88796.0
person145,[-85.2920259  34.9958942],[-85.30958083  35.03846572],1.0,1.0,1.0,1.0,60,56694.0,58494.0,61859.0,63659.0
person146,[-85.29305398  34.99608061],[-85.31559989  35.04194118],1.0,1.0,1.0,1.0,60,35833.0,37633.0,41018.0,42818.0
person147,[-85.28910666  35.00772779],[-85.30921835  35.04434479],1.0,1.0,1.0,1.0,60,82945.0,84745.0,87289.0,89089.0
person148,[-85.2880447   34.98091077],[-85.30588266  35.04509564],1.0,1.0,1.0,1.0,60,84371.0,86171.0,88016.0,89816.0
person149,[-85.29252116  35.01045251],[-85.30574648  35.04997332],1.0,1.0,1.0,1.0,60,34562.0,36362.0,39120.0,40920.0
person150,[-85.28983248  35.00927083],[-85.30787611  35.04780002],1.0,1.0,1.0,1.0,60,64627.0,66427.0,68254.0,70054.0
person151,[-85.28624633  35.00062123],[-85.31062242  35.03936257],1.0,1.0,1.0,1.0,60,39197.0,40997.0,44203.0,46003.0
person152,[-85.29362623  35.0046304 ],[-85.30672035  35.04357519],1.0,1.0,1.0,1.0,60,70948.0,72748.0,77572.0,79372.0
person153,[-85.28310632  35.01375525],[-85.30884186  35.04217268],1.0,1.0,1.0,1.0,60,72317.0,74117.0,78146.0,79946.0
person154,[-85.28326885  35.0075611 ],[-85.30738049  35.04625066],1.0,1.0,1.0,1.0,60,53177.0,54977.0,59538.0,61338.0
person155,[-85.28326885  35.0075611 ],[-85.30738049  35.04625066],0.0,1.0,1.0,1.0,60,35708.0,37508.0,41741.0,43541.0
person156,[-85.2826527   35.01120579],[-85.31250573  35.04151676],1.0,1.0,1.0,1.0,60,50031.0,51831.0,53725.0,55525.0
person157,[-85.29297117  35.00890849],[-85.30892237  35.03960055],1.0,1.0,1.0,1.0,60,81250.0,83050.0,85466.0,87266.0
person158,[-85.29724721  35.01758213],[-85.303263   35.0516135],1.0,1.0,1.0,1.0,60,82682.0,84482.0,87646.0,89446.0
person159,[-85.28712957  34.99330114],[-85.31673148  35.04518099],1.0,1.0,1.0,1.0,60,71411.0,73211.0,76019.0,77819.0
person160,[-85.28548428  35.00424917],[-85.30604479  35.05005888],1.0,1.0,1.0,1.0,60,70954.0,72754.0,74922.0,76722.0
person161,[-85.28548428  35.00424917],[-85.30604479  35.05005888],0.0,1.0,1.0,1.0,60,81330.0,83130.0,87669.0,89469.0
person162,[-85.28938882  35.01533042],[-85.30922372  35.04026605],1.0,1.0,1.0,1.0,60,76766.0,78566.0,81022.0,82822.0
person163,[-85.28557688  35.00629422],[-85.3031975   35.04637469],1.0,1.0,1.0,1.0,60,76607.0,78407.0,80904.0,82704.0
person164,[-85.28557688  35.00629422],[-85.3031975   35.04637469],0.0,1.0,1.0,1.0,60,70098.0,71898.0,75825.0,77625.0
person165,[-85.28285951  34.98752296],[-85.30745896  35.04675307],1.0,1.0,1.0,1.0,60,64038.0,65838.0,67652.0,69452.0
person166,[-85.28216736  34.99534101],[-85.30676139  35.04977315],1.0,1.0,1.0,1.0,60,80426.0,82226.0,85886.0,87686.0
person167,[-85.28216736  34.99534101],[-85.30676139  35.04977315],0.0,1.0,1.0,1.0,60,81722.0,83522.0,87298.0,89098.0
person168,[-85.29071298  35.02216202],[-85.30952328  35.04335803],1.0,1.0,1.0,1.0,60,78194.0,79994.0,85286.0,87086.0
person169,[-85.29820178  35.01151698],[-85.31109067  35.05015645],1.0,1.0,1.0,1.0,60,52764.0,54564.0,57061.0,58861.0
person170,[-85.28510858  35.01114651],[-85.30205349  35.03805778],1.0,1.0,1.0,1.0,60,78422.0,80222.0,84180.0,85980.0
person171,[-85.28629314  35.01046391],[-85.31473269  35.04674305],1.0,1.0,1.0,1.0,60,21808.0,23608.0,26678.0,28478.0
person172,[-85.28791558  35.00364473],[-85.30377671  35.04665559],1.0,1.0,1.0,1.0,60,64679.0,66479.0,70920.0,72720.0
person173,[-85.27969863  35.01979682],[-85.30558166  35.05247618],1.0,1.0,1.0,1.0,60,80233.0,82033.0,86258.0,88058.0
person174,[-85.28676662  35.01577261],[-85.3052373   35.05307595],1.0,1.0,1.0,1.0,60,18172.0,19972.0,23383.0,25183.0
person175,[-85.28577847  34.99002334],[-85.30771775  35.04692943],1.0,1.0,1.0,1.0,60,79160.0,80960.0,86183.0,87983.0
person176,[-85.28688863  34.99708113],[-85.31287548  35.03790291],1.0,1.0,1.0,1.0,60,74369.0,76169.0,78510.0,80310.0
person177,[-85.29356524  34.99712754],[-85.30907391  35.03642323],1.0,1.0,1.0,1.0,60,84526.0,86326.0,88163.0,89963.0
person178,[-85.28537679  35.01572649],[-85.31201594  35.05149107],1.0,1.0,1.0,1.0,60,54956.0,56756.0,60479.0,62279.0
person179,[-85.28378626  35.00532995],[-85.31500717  35.0356106 ],1.0,1.0,1.0,1.0,60,59399.0,61199.0,63645.0,65445.0
person180,[-85.28378626  35.00532995],[-85.31500717  35.0356106 ],0.0,1.0,1.0,1.0,60,81628.0,83428.0,86713.0,88513.0
person181,[-85.28588902  35.0208738 ],[-85.30872027  35.04207515],1.0,1.0,1.0,1.0,60,64411.0,66211.0,68459.0,70259.0
person182,[-85.2948282   35.00821267],[-85.29909249  35.04766864],1.0,1.0,1.0,1.0,60,80004.0,81804.0,83888.0,85688.0
person183,[-85.28487508  35.0093857 ],[-85.30564331  35.04415163],1.0,1.0,1.0,1.0,60,82669.0,84469.0,87561.0,89361.0
person184,[-85.2910778   34.98607342],[-85.31456171  35.05101472],1.0,1.0,1.0,1.0,60,47295.0,49095.0,51283.0,53083.0
person185,[-85.27668296  35.00586646],[-85.30594263  35.0597327 ],1.0,1.0,1.0,1.0,60,83894.0,85694.0,88180.0,89980.0
person186,[-85.27668296  35.00586646],[-85.30594263  35.0597327 ],0.0,1.0,1.0,1.0,60,75177.0,76977.0,79608.0,81408.0
person187,[-85.28068248  35.01366587],[-85.31524462  35.05250808],1.0,1.0,1.0,1.0,60,79765.0,81565.0,84710.0,86510.0
person188,[-85.28795668  35.02010463],[-85.3012784   35.04709366],1.0,1.0,1.0,1.0,60,56353.0,58153.0,62507.0,64307.0
person189,[-85.28932821  34.99461853],[-85.30681558  35.03620863],1.0,1.0,1.0,1.0,60,83995.0,85795.0,87933.0,89733.0
person190,[-85.28233957  35.01338611],[-85.30711853  35.03601534],1.0,1.0,1.0,1.0,60,15186.0,16986.0,22160.0,23960.0
person191,[-85.28446125  34.9989278 ],[-85.30378502  35.05047026],1.0,1.0,1.0,1.0,60,68482.0,70282.0,73316.0,75116.0
person192,[-85.28446125  34.9989278 ],[-85.30378502  35.05047026],0.0,1.0,1.0,1.0,60,46097.0,47897.0,51863.0,53663.0
person193,[-85.29715021  35.00239104],[-85.30015916  35.04262865],1.0,1.0,1.0,1.0,60,71249.0,73049.0,77592.0,79392.0
person194,[-85.29268799  35.00907167],[-85.30504942  35.04024396],1.0,1.0,1.0,1.0,60,54791.0,56591.0,60037.0,61837.0
person195,[-85.29072176  35.00712467],[-85.31564547  35.05077447],1.0,1.0,1.0,1.0,60,82313.0,84113.0,86780.0,88580.0
person196,[-85.29252033  35.00655928],[-85.30878314  35.0499698 ],1.0,1.0,1.0,1.0,60,21290.0,23090.0,25363.0,27163.0
person197,[-85.28910694  35.00615508],[-85.30115894  35.04886145],1.0,1.0,1.0,1.0,60,73936.0,75736.0,78418.0,80218.0
person198,[-85.28590216  35.0249797 ],[-85.31133718  35.05525482],1.0,1.0,1.0,1.0,60,81357.0,83157.0,87989.0,89789.0
person199,[-85.2851281  35.0027633],[-85.3133526   35.03664384],1.0,1.0,1.0,1.0,60,73223.0,75023.0,80202.0,82002.0
person200,[-85.29220035  35.01495586],[-85.29717544  35.04329612],1.0,1.0,1.0,1.0,60,80956.0,82756.0,87038.0,88838.0
person201,[-85.29050567  35.00736993],[-85.30498413  35.04957746],1.0,1.0,1.0,1.0,60,66868.0,68668.0,71192.0,72992.0
person202,[-85.28195583  35.01848826],[-85.30151748  35.05655359],1.0,1.0,1.0,1.0,60,80544.0,82344.0,85465.0,87265.0
person203,[-85.28484825  35.00654562],[-85.31210278  35.0589683 ],1.0,1.0,1.0,1.0,60,82565.0,84365.0,88200.0,90000.0
person204,[-85.28484825  35.00654562],[-85.31210278  35.0589683 ],0.0,1.0,1.0,1.0,60,84125.0,85925.0,87778.0,89578.0
person205,[-85.30026088  35.00240669],[-85.30687309  35.05212238],1.0,1.0,1.0,1.0,60,81340.0,83140.0,86835.0,88635.0
person206,[-85.29290005  34.99080455],[-85.30733113  35.04660017],1.0,1.0,1.0,1.0,60,81112.0,82912.0,87401.0,89201.0
person207,[-85.29107766  35.00988952],[-85.30340917  35.04493014],1.0,1.0,1.0,1.0,60,70832.0,72632.0,75861.0,77661.0
person208,[-85.28711234  35.0025824 ],[-85.30759165  35.04333909],1.0,1.0,1.0,1.0,60,83839.0,85639.0,87630.0,89430.0
person209,[-85.2831212   35.01358504],[-85.31048706  35.04763989],1.0,1.0,1.0,1.0,60,82280.0,84080.0,88003.0,89803.0
person210,[-85.2827704   35.00256543],[-85.31094604  35.05190166],1.0,1.0,1.0,1.0,60,81300.0,83100.0,85982.0,87782.0
person211,[-85.2827704   35.00256543],[-85.31094604  35.05190166],0.0,1.0,1.0,1.0,60,37922.0,39722.0,41979.0,43779.0
person212,[-85.28618098  35.00712753],[-85.31123644  35.0372329 ],1.0,1.0,1.0,1.0,60,80020.0,81820.0,84597.0,86397.0
person213,[-85.28618098  35.00712753],[-85.31123644  35.0372329 ],0.0,1.0,1.0,1.0,60,82063.0,83863.0,86753.0,88553.0
person214,[-85.28730421  34.99941715],[-85.30208574  35.04882557],1.0,1.0,1.0,1.0,60,74699.0,76499.0,81777.0,83577.0
person215,[-85.29050301  34.99991957],[-85.30694026  35.04484552],1.0,1.0,1.0,1.0,60,75781.0,77581.0,81338.0,83138.0
person216,[-85.28602174  34.99309415],[-85.31167074  35.0425888 ],1.0,1.0,1.0,1.0,60,49653.0,51453.0,56155.0,57955.0
person217,[-85.29067425  34.99598336],[-85.30893625  35.0441799 ],1.0,1.0,1.0,1.0,60,73559.0,75359.0,79126.0,80926.0
person218,[-85.29104692  35.00138298],[-85.30010284  35.04816509],1.0,1.0,1.0,1.0,60,77379.0,79179.0,82999.0,84799.0
person219,[-85.28004816  35.01341906],[-85.31159042  35.04787369],1.0,1.0,1.0,1.0,60,77255.0,79055.0,83804.0,85604.0
person220,[-85.28355344  35.02473565],[-85.31524677  35.04567265],1.0,1.0,1.0,1.0,60,80365.0,82165.0,86137.0,87937.0
person221,[-85.28900207  35.01336576],[-85.31379454  35.04083597],1.0,1.0,1.0,1.0,60,83352.0,85152.0,88051.0,89851.0
person222,[-85.2875041   35.00951782],[-85.30928696  35.04639364],1.0,1.0,1.0,1.0,60,66143.0,67943.0,71631.0,73431.0
person223,[-85.28640188  34.99679163],[-85.30659801  35.04905825],1.0,1.0,1.0,1.0,60,76092.0,77892.0,80239.0,82039.0
person224,[-85.28640188  34.99679163],[-85.30659801  35.04905825],0.0,1.0,1.0,1.0,60,79985.0,81785.0,84408.0,86208.0
person225,[-85.28525885  35.00476727],[-85.31083294  35.043688  ],1.0,1.0,1.0,1.0,60,54482.0,56282.0,59321.0,61121.0
person226,[-85.28525885  35.00476727],[-85.31083294  35.043688  ],0.0,1.0,1.0,1.0,60,68966.0,70766.0,73222.0,75022.0
person227,[-85.28167904  35.01299776],[-85.30944367  35.03933018],1.0,1.0,1.0,1.0,60,81656.0,83456.0,87826.0,89626.0
person228,[-85.28228189  35.0058064 ],[-85.31071749  35.04159207],1.0,1.0,1.0,1.0,60,81156.0,82956.0,85797.0,87597.0
person229,[-85.28228189  35.0058064 ],[-85.31071749  35.04159207],0.0,1.0,1.0,1.0,60,25670.0,27470.0,30346.0,32146.0
person230,[-85.28773378  35.00261165],[-85.30799213  35.0473703 ],1.0,1.0,1.0,1.0,60,32192.0,33992.0,38223.0,40023.0
person231,[-85.28414696  34.99351479],[-85.30111679  35.04448854],1.0,1.0,1.0,1.0,60,83197.0,84997.0,86920.0,88720.0
person232,[-85.29230597  35.00367237],[-85.30977269  35.04279444],1.0,1.0,1.0,1.0,60,83662.0,85462.0,87352.0,89152.0
person233,[-85.28646786  35.01578746],[-85.3046596   35.04273296],1.0,1.0,1.0,1.0,60,78390.0,80190.0,84624.0,86424.0
person234,[-85.32744329  34.99340889],[-85.30011697  35.04385987],1.0,1.0,1.0,1.0,60,71589.0,73389.0,78565.0,80365.0
person235,[-85.32744329  34.99340889],[-85.30011697  35.04385987],0.0,1.0,1.0,1.0,60,81105.0,82905.0,87394.0,89194.0
person236,[-85.32157704  35.00765083],[-85.31076591  35.04711469],1.0,1.0,1.0,1.0,60,39233.0,41033.0,46110.0,47910.0
person237,[-85.32157704  35.00765083],[-85.31076591  35.04711469],0.0,1.0,1.0,1.0,60,79580.0,81380.0,85267.0,87067.0
person238,[-85.32016037  34.99029335],[-85.30826453  35.04539154],1.0,1.0,1.0,1.0,60,61131.0,62931.0,67439.0,69239.0
person239,[-85.32016037  34.99029335],[-85.30826453  35.04539154],0.0,1.0,1.0,1.0,60,23308.0,25108.0,28457.0,30257.0
person240,[-85.32648438  34.98925533],[-85.30374556  35.04212255],1.0,1.0,1.0,1.0,60,43839.0,45639.0,49598.0,51398.0
person241,[-85.32648438  34.98925533],[-85.30374556  35.04212255],0.0,1.0,1.0,1.0,60,76449.0,78249.0,80355.0,82155.0
person242,[-85.32617539  35.00980805],[-85.30759609  35.05294303],1.0,1.0,1.0,1.0,60,82193.0,83993.0,86508.0,88308.0
person243,[-85.32617539  35.00980805],[-85.30759609  35.05294303],0.0,1.0,1.0,1.0,60,70887.0,72687.0,76698.0,78498.0
person244,[-85.32149823  35.01230413],[-85.308621    35.04212327],1.0,1.0,1.0,1.0,60,45416.0,47216.0,51750.0,53550.0
person245,[-85.32149823  35.01230413],[-85.308621    35.04212327],0.0,1.0,1.0,1.0,60,83123.0,84923.0,86845.0,88645.0
person246,[-85.3280164   35.00362015],[-85.30897942  35.04669281],1.0,1.0,1.0,1.0,60,82132.0,83932.0,86995.0,88795.0
person247,[-85.33031781  35.00701471],[-85.31399674  35.04545151],1.0,1.0,1.0,1.0,60,76215.0,78015.0,81516.0,83316.0
person248,[-85.32785725  35.00740275],[-85.30764838  35.04789553],1.0,1.0,1.0,1.0,60,34192.0,35992.0,40958.0,42758.0
person249,[-85.32280996  35.00565407],[-85.30089431  35.04644234],1.0,1.0,1.0,1.0,60,72783.0,74583.0,79099.0,80899.0
person250,[-85.32280996  35.00565407],[-85.30089431  35.04644234],0.0,1.0,1.0,1.0,60,67806.0,69606.0,72701.0,74501.0
person251,[-85.31685532  35.0076962 ],[-85.30871844  35.0394138 ],1.0,1.0,1.0,1.0,60,78111.0,79911.0,83538.0,85338.0
person252,[-85.31685532  35.0076962 ],[-85.30871844  35.0394138 ],0.0,1.0,1.0,1.0,60,69671.0,71471.0,75741.0,77541.0
person253,[-85.32756114  35.01369571],[-85.30661837  35.04155354],1.0,1.0,1.0,1.0,60,49994.0,51794.0,56245.0,58045.0
person254,[-85.32756114  35.01369571],[-85.30661837  35.04155354],0.0,1.0,1.0,1.0,60,75898.0,77698.0,81308.0,83108.0
person255,[-85.32580825  34.99639261],[-85.30154335  35.04175219],1.0,1.0,1.0,1.0,60,42897.0,44697.0,48777.0,50577.0
person256,[-85.32580825  34.99639261],[-85.30154335  35.04175219],0.0,1.0,1.0,1.0,60,79689.0,81489.0,84737.0,86537.0
person257,[-85.3279818   34.98154022],[-85.30319324  35.043622  ],1.0,1.0,1.0,1.0,60,83412.0,85212.0,88026.0,89826.0
person258,[-85.3279818   34.98154022],[-85.30319324  35.043622  ],0.0,1.0,1.0,1.0,60,70050.0,71850.0,76701.0,78501.0
person259,[-85.31967828  35.00465453],[-85.30863633  35.04539893],1.0,1.0,1.0,1.0,60,80141.0,81941.0,86109.0,87909.0
person260,[-85.31967828  35.00465453],[-85.30863633  35.04539893],0.0,1.0,1.0,1.0,60,84370.0,86170.0,88039.0,89839.0
person261,[-85.32264051  35.0037985 ],[-85.30994569  35.05399785],1.0,1.0,1.0,1.0,60,82969.0,84769.0,87960.0,89760.0
person262,[-85.32264051  35.0037985 ],[-85.30994569  35.05399785],0.0,1.0,1.0,1.0,60,65137.0,66937.0,71280.0,73080.0
person263,[-85.33102967  34.99910009],[-85.30942113  35.05048694],1.0,1.0,1.0,1.0,60,34761.0,36561.0,39506.0,41306.0
person264,[-85.33102967  34.99910009],[-85.30942113  35.05048694],0.0,1.0,1.0,1.0,60,55682.0,57482.0,59790.0,61590.0
person265,[-85.33109489  35.00094327],[-85.31038039  35.04858668],1.0,1.0,1.0,1.0,60,84434.0,86234.0,88118.0,89918.0
person266,[-85.32204288  34.99897827],[-85.30809256  35.05025196],1.0,1.0,1.0,1.0,60,59672.0,61472.0,66128.0,67928.0
person267,[-85.32204288  34.99897827],[-85.30809256  35.05025196],0.0,1.0,1.0,1.0,60,84346.0,86146.0,88149.0,89949.0
person268,[-85.31708258  35.01327982],[-85.31429851  35.04642363],1.0,1.0,1.0,1.0,60,80917.0,82717.0,87066.0,88866.0
person269,[-85.31708258  35.01327982],[-85.31429851  35.04642363],0.0,1.0,1.0,1.0,60,39663.0,41463.0,46658.0,48458.0
person270,[-85.31507355  35.00934822],[-85.30934066  35.04483437],1.0,1.0,1.0,1.0,60,83194.0,84994.0,87701.0,89501.0
person271,[-85.31507355  35.00934822],[-85.30934066  35.04483437],0.0,1.0,1.0,1.0,60,76814.0,78614.0,82273.0,84073.0
person272,[-85.32437386  35.00430204],[-85.3092395   35.04500115],1.0,1.0,1.0,1.0,60,78398.0,80198.0,83129.0,84929.0
person273,[-85.32437386  35.00430204],[-85.3092395   35.04500115],0.0,1.0,1.0,1.0,60,81999.0,83799.0,87497.0,89297.0
person274,[-85.32198264  34.98143082],[-85.30632343  35.0554516 ],1.0,1.0,1.0,1.0,60,49990.0,51790.0,54304.0,56104.0
person275,[-85.32198264  34.98143082],[-85.30632343  35.0554516 ],0.0,1.0,1.0,1.0,60,49601.0,51401.0,53220.0,55020.0
person276,[-85.31932535  35.01249325],[-85.30944508  35.04756295],1.0,1.0,1.0,1.0,60,50572.0,52372.0,56259.0,58059.0
person277,[-85.31932535  35.01249325],[-85.30944508  35.04756295],0.0,1.0,1.0,1.0,60,83904.0,85704.0,87750.0,89550.0
person278,[-85.31941773  35.00407483],[-85.30502151  35.04581912],1.0,1.0,1.0,1.0,60,78676.0,80476.0,85681.0,87481.0
person279,[-85.31941773  35.00407483],[-85.30502151  35.04581912],0.0,1.0,1.0,1.0,60,21414.0,23214.0,28132.0,29932.0
person280,[-85.32702181  35.01043017],[-85.30457978  35.05004118],1.0,1.0,1.0,1.0,60,80699.0,82499.0,86461.0,88261.0
person281,[-85.32702181  35.01043017],[-85.30457978  35.05004118],0.0,1.0,1.0,1.0,60,82820.0,84620.0,86438.0,88238.0
person282,[-85.31636871  35.0165136 ],[-85.3116931   35.04363302],1.0,1.0,1.0,1.0,60,78646.0,80446.0,85162.0,86962.0
person283,[-85.31636871  35.0165136 ],[-85.3116931   35.04363302],0.0,1.0,1.0,1.0,60,82088.0,83888.0,87666.0,89466.0
person284,[-85.32630186  35.00474148],[-85.30124409  35.04382826],1.0,1.0,1.0,1.0,60,39035.0,40835.0,45789.0,47589.0
person285,[-85.32630186  35.00474148],[-85.30124409  35.04382826],0.0,1.0,1.0,1.0,60,77958.0,79758.0,82911.0,84711.0
person286,[-85.32758095  35.00395821],[-85.31462254  35.04147479],1.0,1.0,1.0,1.0,60,51969.0,53769.0,56641.0,58441.0
person287,[-85.32758095  35.00395821],[-85.31462254  35.04147479],0.0,1.0,1.0,1.0,60,83402.0,85202.0,87047.0,88847.0
person288,[-85.32266739  35.00244657],[-85.30649867  35.04569198],1.0,1.0,1.0,1.0,60,77980.0,79780.0,84836.0,86636.0
person289,[-85.32266739  35.00244657],[-85.30649867  35.04569198],0.0,1.0,1.0,1.0,60,80880.0,82680.0,85574.0,87374.0
person290,[-85.32793048  34.9991014 ],[-85.30670988  35.04707566],1.0,1.0,1.0,1.0,60,81717.0,83517.0,88132.0,89932.0
person291,[-85.32793048  34.9991014 ],[-85.30670988  35.04707566],0.0,1.0,1.0,1.0,60,78229.0,80029.0,84691.0,86491.0
person292,[-85.33016225  35.01960128],[-85.30916203  35.04239355],1.0,1.0,1.0,1.0,60,81923.0,83723.0,86128.0,87928.0
person293,[-85.33016225  35.01960128],[-85.30916203  35.04239355],0.0,1.0,1.0,1.0,60,82815.0,84615.0,87517.0,89317.0
person294,[-85.32647801  35.00695578],[-85.30908138  35.04330402],1.0,1.0,1.0,1.0,60,73737.0,75537.0,77638.0,79438.0
person295,[-85.32647801  35.00695578],[-85.30908138  35.04330402],0.0,1.0,1.0,1.0,60,73086.0,74886.0,79494.0,81294.0
person296,[-85.33152223  35.00559343],[-85.31480137  35.05044282],1.0,1.0,1.0,1.0,60,80206.0,82006.0,86473.0,88273.0
person297,[-85.31931117  34.9934951 ],[-85.30585742  35.05556677],1.0,1.0,1.0,1.0,60,78674.0,80474.0,83112.0,84912.0
person298,[-85.31931117  34.9934951 ],[-85.30585742  35.05556677],0.0,1.0,1.0,1.0,60,82782.0,84582.0,87984.0,89784.0
person299,[-85.32474888  34.99549601],[-85.31772821  35.05101091],1.0,1.0,1.0,1.0,60,66999.0,68799.0,71697.0,73497.0
person300,[-85.32474888  34.99549601],[-85.31772821  35.05101091],0.0,1.0,1.0,1.0,60,55630.0,57430.0,62339.0,64139.0
person301,[-85.32216188  34.98189   ],[-85.30924531  35.04458406],1.0,1.0,1.0,1.0,60,84178.0,85978.0,87934.0,89734.0
person302,[-85.32216188  34.98189   ],[-85.30924531  35.04458406],0.0,1.0,1.0,1.0,60,84564.0,86364.0,88170.0,89970.0
person303,[-85.31653182  35.00737675],[-85.30813558  35.04506942],1.0,1.0,1.0,1.0,60,36340.0,38140.0,42665.0,44465.0
person304,[-85.31653182  35.00737675],[-85.30813558  35.04506942],0.0,1.0,1.0,1.0,60,75992.0,77792.0,80090.0,81890.0
person305,[-85.32314746  35.01938922],[-85.31010747  35.04873141],1.0,1.0,1.0,1.0,60,40888.0,42688.0,45143.0,46943.0
person306,[-85.32314746  35.01938922],[-85.31010747  35.04873141],0.0,1.0,1.0,1.0,60,82855.0,84655.0,86584.0,88384.0
person307,[-85.31925354  35.00590326],[-85.30480879  35.04644162],1.0,1.0,1.0,1.0,60,81728.0,83528.0,85344.0,87144.0
person308,[-85.31925354  35.00590326],[-85.30480879  35.04644162],0.0,1.0,1.0,1.0,60,80939.0,82739.0,86898.0,88698.0
person309,[-85.32441759  34.98983123],[-85.31133837  35.04650178],1.0,1.0,1.0,1.0,60,78839.0,80639.0,85823.0,87623.0
person310,[-85.32441759  34.98983123],[-85.31133837  35.04650178],0.0,1.0,1.0,1.0,60,56289.0,58089.0,60876.0,62676.0
person311,[-85.32124967  34.99825375],[-85.30258218  35.04340231],1.0,1.0,1.0,1.0,60,67432.0,69232.0,73662.0,75462.0
person312,[-85.32124967  34.99825375],[-85.30258218  35.04340231],0.0,1.0,1.0,1.0,60,42503.0,44303.0,49269.0,51069.0
person313,[-85.32224983  34.99318683],[-85.3092045   35.04427853],1.0,1.0,1.0,1.0,60,82331.0,84131.0,88041.0,89841.0
person314,[-85.32224983  34.99318683],[-85.3092045   35.04427853],0.0,1.0,1.0,1.0,60,84363.0,86163.0,87997.0,89797.0
person315,[-85.32986374  35.01225655],[-85.30841464  35.04613859],1.0,1.0,1.0,1.0,60,84223.0,86023.0,88153.0,89953.0
person316,[-85.32986374  35.01225655],[-85.30841464  35.04613859],0.0,1.0,1.0,1.0,60,25863.0,27663.0,32534.0,34334.0
person317,[-85.32797725  35.01152516],[-85.3039492   35.04225934],1.0,1.0,1.0,1.0,60,80620.0,82420.0,87144.0,88944.0
person318,[-85.32797725  35.01152516],[-85.3039492   35.04225934],0.0,1.0,1.0,1.0,60,72541.0,74341.0,79557.0,81357.0
person319,[-85.32495341  35.00424025],[-85.31427357  35.04624933],1.0,1.0,1.0,1.0,60,65559.0,67359.0,69557.0,71357.0
person320,[-85.32495341  35.00424025],[-85.31427357  35.04624933],0.0,1.0,1.0,1.0,60,26402.0,28202.0,31776.0,33576.0
person321,[-85.32869239  35.00441165],[-85.30477921  35.04461834],1.0,1.0,1.0,1.0,60,41414.0,43214.0,48477.0,50277.0
person322,[-85.32377469  35.00088378],[-85.30958802  35.0519551 ],1.0,1.0,1.0,1.0,60,72959.0,74759.0,79545.0,81345.0
person323,[-85.32377469  35.00088378],[-85.30958802  35.0519551 ],0.0,1.0,1.0,1.0,60,83428.0,85228.0,88099.0,89899.0
person324,[-85.327374    35.00362109],[-85.31031812  35.04949538],1.0,1.0,1.0,1.0,60,84409.0,86209.0,88117.0,89917.0
person325,[-85.327374    35.00362109],[-85.31031812  35.04949538],0.0,1.0,1.0,1.0,60,82621.0,84421.0,86554.0,88354.0
person326,[-85.32520398  35.00256128],[-85.31195541  35.04824775],1.0,1.0,1.0,1.0,60,74624.0,76424.0,80677.0,82477.0
person327,[-85.32520398  35.00256128],[-85.31195541  35.04824775],0.0,1.0,1.0,1.0,60,30372.0,32172.0,35691.0,37491.0
person328,[-85.32787169  35.00770789],[-85.3110148   35.05096982],1.0,1.0,1.0,1.0,60,33823.0,35623.0,39023.0,40823.0
person329,[-85.31829266  35.00882431],[-85.3049753   35.04124434],1.0,1.0,1.0,1.0,60,80241.0,82041.0,84936.0,86736.0
person330,[-85.31829266  35.00882431],[-85.3049753   35.04124434],0.0,1.0,1.0,1.0,60,83218.0,85018.0,87613.0,89413.0
person331,[-85.32168419  35.01895006],[-85.31625127  35.04647957],1.0,1.0,1.0,1.0,60,82544.0,84344.0,86768.0,88568.0
person332,[-85.32168419  35.01895006],[-85.31625127  35.04647957],0.0,1.0,1.0,1.0,60,79080.0,80880.0,83447.0,85247.0
person333,[-85.32118336  35.00986287],[-85.30299894  35.0388958 ],1.0,1.0,1.0,1.0,60,53533.0,55333.0,59037.0,60837.0
person334,[-85.32118336  35.00986287],[-85.30299894  35.0388958 ],0.0,1.0,1.0,1.0,60,71059.0,72859.0,78000.0,79800.0
person335,[-85.32261044  34.99332837],[-85.31250406  35.03994839],1.0,1.0,1.0,1.0,60,76820.0,78620.0,80436.0,82236.0
person336,[-85.32261044  34.99332837],[-85.31250406  35.03994839],0.0,1.0,1.0,1.0,60,77559.0,79359.0,84203.0,86003.0
person337,[-85.31564925  34.98229361],[-85.30530465  35.04002044],1.0,1.0,1.0,1.0,60,82936.0,84736.0,88191.0,89991.0
person338,[-85.31564925  34.98229361],[-85.30530465  35.04002044],0.0,1.0,1.0,1.0,60,50254.0,52054.0,55866.0,57666.0
person339,[-85.32089774  35.00724344],[-85.30678949  35.05300476],1.0,1.0,1.0,1.0,60,78418.0,80218.0,83292.0,85092.0
person340,[-85.32089774  35.00724344],[-85.30678949  35.05300476],0.0,1.0,1.0,1.0,60,57401.0,59201.0,62296.0,64096.0
person341,[-85.32332703  34.99801263],[-85.31255866  35.04502598],1.0,1.0,1.0,1.0,60,50824.0,52624.0,57687.0,59487.0
person342,[-85.32332703  34.99801263],[-85.31255866  35.04502598],0.0,1.0,1.0,1.0,60,70848.0,72648.0,76361.0,78161.0
person343,[-85.32064153  35.0143537 ],[-85.30635964  35.03971987],1.0,1.0,1.0,1.0,60,81011.0,82811.0,86733.0,88533.0
person344,[-85.32064153  35.0143537 ],[-85.30635964  35.03971987],0.0,1.0,1.0,1.0,60,83711.0,85511.0,87369.0,89169.0
person345,[-85.32143587  34.99183476],[-85.31168418  35.04898902],1.0,1.0,1.0,1.0,60,21916.0,23716.0,28951.0,30751.0
person346,[-85.32143587  34.99183476],[-85.31168418  35.04898902],0.0,1.0,1.0,1.0,60,30279.0,32079.0,36106.0,37906.0
person347,[-85.33263941  35.00304251],[-85.30573131  35.04552638],1.0,1.0,1.0,1.0,60,78289.0,80089.0,82693.0,84493.0
person348,[-85.32124771  35.00825152],[-85.30469059  35.0409853 ],1.0,1.0,1.0,1.0,60,80356.0,82156.0,86628.0,88428.0
person349,[-85.32124771  35.00825152],[-85.30469059  35.0409853 ],0.0,1.0,1.0,1.0,60,80874.0,82674.0,85531.0,87331.0
person350,[-85.32494826  35.00591076],[-85.30450713  35.05308579],1.0,1.0,1.0,1.0,60,78770.0,80570.0,85233.0,87033.0
person351,[-85.32494826  35.00591076],[-85.30450713  35.05308579],0.0,1.0,1.0,1.0,60,70684.0,72484.0,77328.0,79128.0
person352,[-85.32116668  35.00313427],[-85.31119371  35.04452216],1.0,1.0,1.0,1.0,60,77571.0,79371.0,81731.0,83531.0
person353,[-85.32116668  35.00313427],[-85.31119371  35.04452216],0.0,1.0,1.0,1.0,60,76826.0,78626.0,81819.0,83619.0
person354,[-85.32578914  34.97894447],[-85.31005073  35.04711524],1.0,1.0,1.0,1.0,60,57381.0,59181.0,63999.0,65799.0
person355,[-85.32578914  34.97894447],[-85.31005073  35.04711524],0.0,1.0,1.0,1.0,60,81006.0,82806.0,87398.0,89198.0
person356,[-85.33687489  34.99599839],[-85.30713304  35.04498535],1.0,1.0,1.0,1.0,60,82779.0,84579.0,87407.0,89207.0
person357,[-85.32443049  35.01280814],[-85.30901396  35.04163567],1.0,1.0,1.0,1.0,60,81364.0,83164.0,87286.0,89086.0
person358,[-85.32443049  35.01280814],[-85.30901396  35.04163567],0.0,1.0,1.0,1.0,60,15469.0,17269.0,20178.0,21978.0
person359,[-85.3250064   35.01398074],[-85.30462032  35.03784163],1.0,1.0,1.0,1.0,60,15062.0,16862.0,19531.0,21331.0
person360,[-85.3250064   35.01398074],[-85.30462032  35.03784163],0.0,1.0,1.0,1.0,60,78183.0,79983.0,84505.0,86305.0
person361,[-85.32370805  35.0007585 ],[-85.30404154  35.04568085],1.0,1.0,1.0,1.0,60,77028.0,78828.0,81145.0,82945.0
person362,[-85.32370805  35.0007585 ],[-85.30404154  35.04568085],0.0,1.0,1.0,1.0,60,79812.0,81612.0,84102.0,85902.0
person363,[-85.32387185  35.00586548],[-85.30368873  35.04769901],1.0,1.0,1.0,1.0,60,74424.0,76224.0,79066.0,80866.0
person364,[-85.32387185  35.00586548],[-85.30368873  35.04769901],0.0,1.0,1.0,1.0,60,74104.0,75904.0,80540.0,82340.0
person365,[-85.32625959  34.9873643 ],[-85.30907745  35.04323221],1.0,1.0,1.0,1.0,60,70972.0,72772.0,74633.0,76433.0
person366,[-85.32625959  34.9873643 ],[-85.30907745  35.04323221],0.0,1.0,1.0,1.0,60,81910.0,83710.0,86774.0,88574.0
person367,[-85.32533361  35.0061194 ],[-85.30440808  35.04725933],1.0,1.0,1.0,1.0,60,32322.0,34122.0,38860.0,40660.0
person368,[-85.32533361  35.0061194 ],[-85.30440808  35.04725933],0.0,1.0,1.0,1.0,60,60422.0,62222.0,64171.0,65971.0
person369,[-85.32095113  35.00816241],[-85.30254356  35.04914709],1.0,1.0,1.0,1.0,60,35639.0,37439.0,42702.0,44502.0
person370,[-85.32095113  35.00816241],[-85.30254356  35.04914709],0.0,1.0,1.0,1.0,60,81692.0,83492.0,85952.0,87752.0
person371,[-85.3177954  34.993946 ],[-85.31123478  35.04269562],1.0,1.0,1.0,1.0,60,77463.0,79263.0,82341.0,84141.0
person372,[-85.3177954  34.993946 ],[-85.31123478  35.04269562],0.0,1.0,1.0,1.0,60,40398.0,42198.0,45908.0,47708.0
person373,[-85.31699892  35.01806442],[-85.31315386  35.05492956],1.0,1.0,1.0,1.0,60,76713.0,78513.0,82032.0,83832.0
person374,[-85.31699892  35.01806442],[-85.31315386  35.05492956],0.0,1.0,1.0,1.0,60,80198.0,81998.0,86517.0,88317.0
person375,[-85.32487246  34.99710013],[-85.30724638  35.04786086],1.0,1.0,1.0,1.0,60,41527.0,43327.0,47459.0,49259.0
person376,[-85.32487246  34.99710013],[-85.30724638  35.04786086],0.0,1.0,1.0,1.0,60,68063.0,69863.0,73313.0,75113.0
person377,[-85.32259169  34.99543418],[-85.31512718  35.04531616],1.0,1.0,1.0,1.0,60,73174.0,74974.0,79299.0,81099.0
person378,[-85.32259169  34.99543418],[-85.31512718  35.04531616],0.0,1.0,1.0,1.0,60,80838.0,82638.0,87918.0,89718.0
person379,[-85.31501284  35.00646074],[-85.30442889  35.03631928],1.0,1.0,1.0,1.0,60,47288.0,49088.0,53960.0,55760.0
person380,[-85.31501284  35.00646074],[-85.30442889  35.03631928],0.0,1.0,1.0,1.0,60,70734.0,72534.0,77526.0,79326.0
person381,[-85.32573773  35.01024745],[-85.30560745  35.04182339],1.0,1.0,1.0,1.0,60,57515.0,59315.0,62543.0,64343.0
person382,[-85.32573773  35.01024745],[-85.30560745  35.04182339],0.0,1.0,1.0,1.0,60,55789.0,57589.0,60713.0,62513.0
person383,[-85.33438944  35.00886801],[-85.3096826   35.03459437],1.0,1.0,1.0,1.0,60,67126.0,68926.0,72137.0,73937.0
person384,[-85.31871484  35.00110609],[-85.31642444  35.03770881],1.0,1.0,1.0,1.0,60,79246.0,81046.0,85594.0,87394.0
person385,[-85.31871484  35.00110609],[-85.31642444  35.03770881],0.0,1.0,1.0,1.0,60,81010.0,82810.0,87755.0,89555.0
person386,[-85.32842448  35.00907497],[-85.30662295  35.05094658],1.0,1.0,1.0,1.0,60,21422.0,23222.0,25959.0,27759.0
person387,[-85.32320355  34.99348769],[-85.30717327  35.04626383],1.0,1.0,1.0,1.0,60,79802.0,81602.0,84605.0,86405.0
person388,[-85.32320355  34.99348769],[-85.30717327  35.04626383],0.0,1.0,1.0,1.0,60,63410.0,65210.0,67130.0,68930.0
person389,[-85.32676496  35.01050813],[-85.31053585  35.05050506],1.0,1.0,1.0,1.0,60,70395.0,72195.0,74052.0,75852.0
person390,[-85.32676496  35.01050813],[-85.31053585  35.05050506],0.0,1.0,1.0,1.0,60,82255.0,84055.0,86305.0,88105.0
person391,[-85.3174893  35.0135588],[-85.30894259  35.04436777],1.0,1.0,1.0,1.0,60,67525.0,69325.0,73850.0,75650.0
person392,[-85.3174893  35.0135588],[-85.30894259  35.04436777],0.0,1.0,1.0,1.0,60,74255.0,76055.0,80371.0,82171.0
person393,[-85.32365958  34.99519668],[-85.31415427  35.04343839],1.0,1.0,1.0,1.0,60,77790.0,79590.0,84873.0,86673.0
person394,[-85.32365958  34.99519668],[-85.31415427  35.04343839],0.0,1.0,1.0,1.0,60,67997.0,69797.0,74480.0,76280.0
person395,[-85.33091773  35.00879917],[-85.31597003  35.05307808],1.0,1.0,1.0,1.0,60,72087.0,73887.0,76475.0,78275.0
person396,[-85.3246399   35.02295111],[-85.30630199  35.03726915],1.0,1.0,1.0,1.0,60,40578.0,42378.0,46823.0,48623.0
person397,[-85.32311793  35.00700256],[-85.30880255  35.03897421],1.0,1.0,1.0,1.0,60,83304.0,85104.0,87198.0,88998.0
person398,[-85.32311793  35.00700256],[-85.30880255  35.03897421],0.0,1.0,1.0,1.0,60,81332.0,83132.0,86529.0,88329.0
person399,[-85.31583225  35.00105025],[-85.32155498  35.05205751],1.0,1.0,1.0,1.0,60,82169.0,83969.0,86450.0,88250.0
person400,[-85.31583225  35.00105025],[-85.32155498  35.05205751],0.0,1.0,1.0,1.0,60,82266.0,84066.0,87860.0,89660.0
person401,[-85.32839142  35.00789142],[-85.30517254  35.04671463],1.0,1.0,1.0,1.0,60,76032.0,77832.0,81852.0,83652.0
person402,[-85.32391185  35.01298676],[-85.29854766  35.04880463],1.0,1.0,1.0,1.0,60,79942.0,81742.0,84775.0,86575.0
person403,[-85.32391185  35.01298676],[-85.29854766  35.04880463],0.0,1.0,1.0,1.0,60,67935.0,69735.0,71962.0,73762.0
person404,[-85.33481571  34.99602452],[-85.30560219  35.03911847],1.0,1.0,1.0,1.0,60,81048.0,82848.0,86453.0,88253.0
person405,[-85.33481571  34.99602452],[-85.30560219  35.03911847],0.0,1.0,1.0,1.0,60,79423.0,81223.0,86123.0,87923.0
person406,[-85.32629771  35.00920186],[-85.30562357  35.04159916],1.0,1.0,1.0,1.0,60,75310.0,77110.0,78975.0,80775.0
person407,[-85.32629771  35.00920186],[-85.30562357  35.04159916],0.0,1.0,1.0,1.0,60,79818.0,81618.0,85947.0,87747.0
person408,[-85.31978482  35.00834452],[-85.31037775  35.03534645],1.0,1.0,1.0,1.0,60,80184.0,81984.0,87315.0,89115.0
person409,[-85.31978482  35.00834452],[-85.31037775  35.03534645],0.0,1.0,1.0,1.0,60,46374.0,48174.0,52850.0,54650.0
person410,[-85.31999699  34.99216114],[-85.30782306  35.04295044],1.0,1.0,1.0,1.0,60,80417.0,82217.0,86261.0,88061.0
person411,[-85.31999699  34.99216114],[-85.30782306  35.04295044],0.0,1.0,1.0,1.0,60,82644.0,84444.0,87216.0,89016.0
person412,[-85.32857177  35.01614931],[-85.31054905  35.04898706],1.0,1.0,1.0,1.0,60,84324.0,86124.0,87934.0,89734.0
person413,[-85.32857177  35.01614931],[-85.31054905  35.04898706],0.0,1.0,1.0,1.0,60,82954.0,84754.0,86989.0,88789.0
person414,[-85.32976646  35.00583399],[-85.31314423  35.05202146],1.0,1.0,1.0,1.0,60,77008.0,78808.0,82040.0,83840.0
person415,[-85.32505958  34.99659918],[-85.30231329  35.035843  ],1.0,1.0,1.0,1.0,60,71193.0,72993.0,76380.0,78180.0
person416,[-85.32505958  34.99659918],[-85.30231329  35.035843  ],0.0,1.0,1.0,1.0,60,79067.0,80867.0,83008.0,84808.0
person417,[-85.32329017  34.98627633],[-85.30116766  35.05655286],1.0,1.0,1.0,1.0,60,45091.0,46891.0,50598.0,52398.0
person418,[-85.32329017  34.98627633],[-85.30116766  35.05655286],0.0,1.0,1.0,1.0,60,77072.0,78872.0,81979.0,83779.0
person419,[-85.32328257  35.01240242],[-85.30588929  35.03609865],1.0,1.0,1.0,1.0,60,56976.0,58776.0,64174.0,65974.0
person420,[-85.32328257  35.01240242],[-85.30588929  35.03609865],0.0,1.0,1.0,1.0,60,79422.0,81222.0,85053.0,86853.0
person421,[-85.33207639  35.00666146],[-85.30792392  35.0426949 ],1.0,1.0,1.0,1.0,60,82921.0,84721.0,87129.0,88929.0
person422,[-85.32380922  35.00327424],[-85.30858773  35.04473387],1.0,1.0,1.0,1.0,60,45940.0,47740.0,50862.0,52662.0
person423,[-85.32380922  35.00327424],[-85.30858773  35.04473387],0.0,1.0,1.0,1.0,60,56956.0,58756.0,61594.0,63394.0
person424,[-85.32312988  35.00254215],[-85.30615102  35.05023576],1.0,1.0,1.0,1.0,60,48498.0,50298.0,53338.0,55138.0
person425,[-85.32312988  35.00254215],[-85.30615102  35.05023576],0.0,1.0,1.0,1.0,60,82814.0,84614.0,87847.0,89647.0
person426,[-85.31518339  34.9805903 ],[-85.30538695  35.0496972 ],1.0,1.0,1.0,1.0,60,82212.0,84012.0,86028.0,87828.0
person427,[-85.31518339  34.9805903 ],[-85.30538695  35.0496972 ],0.0,1.0,1.0,1.0,60,77566.0,79366.0,83743.0,85543.0
person428,[-85.32829999  35.00181905],[-85.30190763  35.04194908],1.0,1.0,1.0,1.0,60,51456.0,53256.0,55083.0,56883.0
person429,[-85.32829999  35.00181905],[-85.30190763  35.04194908],0.0,1.0,1.0,1.0,60,53958.0,55758.0,58349.0,60149.0
person430,[-85.32419841  34.99089286],[-85.31038226  35.04698708],1.0,1.0,1.0,1.0,60,84365.0,86165.0,88051.0,89851.0
person431,[-85.32419841  34.99089286],[-85.31038226  35.04698708],0.0,1.0,1.0,1.0,60,81011.0,82811.0,85577.0,87377.0
person432,[-85.32847521  34.99463737],[-85.31496434  35.04805489],1.0,1.0,1.0,1.0,60,64730.0,66530.0,71557.0,73357.0
person433,[-85.32847521  34.99463737],[-85.31496434  35.04805489],0.0,1.0,1.0,1.0,60,75390.0,77190.0,80293.0,82093.0
person434,[-85.333131    35.01644047],[-85.30771032  35.0492526 ],1.0,1.0,1.0,1.0,60,80882.0,82682.0,85346.0,87146.0
person435,[-85.31929586  35.00269432],[-85.30858913  35.04086045],1.0,1.0,1.0,1.0,60,78928.0,80728.0,84956.0,86756.0
person436,[-85.31929586  35.00269432],[-85.30858913  35.04086045],0.0,1.0,1.0,1.0,60,76195.0,77995.0,81520.0,83320.0
person437,[-85.32059086  34.99388765],[-85.30900133  35.04305111],1.0,1.0,1.0,1.0,60,72944.0,74744.0,78625.0,80425.0
person438,[-85.32059086  34.99388765],[-85.30900133  35.04305111],0.0,1.0,1.0,1.0,60,67687.0,69487.0,71930.0,73730.0
person439,[-85.31882484  35.00717302],[-85.31299562  35.04787008],1.0,1.0,1.0,1.0,60,75006.0,76806.0,81586.0,83386.0
person440,[-85.31882484  35.00717302],[-85.31299562  35.04787008],0.0,1.0,1.0,1.0,60,59213.0,61013.0,63220.0,65020.0
person441,[-85.32930733  34.9892821 ],[-85.31035338  35.04809635],1.0,1.0,1.0,1.0,60,78263.0,80063.0,83283.0,85083.0
person442,[-85.32930733  34.9892821 ],[-85.31035338  35.04809635],0.0,1.0,1.0,1.0,60,80731.0,82531.0,84768.0,86568.0
person443,[-85.32465003  35.01715687],[-85.31225713  35.03647851],1.0,1.0,1.0,1.0,60,63473.0,65273.0,68469.0,70269.0
person444,[-85.32465003  35.01715687],[-85.31225713  35.03647851],0.0,1.0,1.0,1.0,60,73480.0,75280.0,79159.0,80959.0
person445,[-85.32956131  34.99923353],[-85.30916344  35.0519029 ],1.0,1.0,1.0,1.0,60,75122.0,76922.0,80591.0,82391.0
person446,[-85.32956131  34.99923353],[-85.30916344  35.0519029 ],0.0,1.0,1.0,1.0,60,22046.0,23846.0,27820.0,29620.0
person447,[-85.32681127  35.00393793],[-85.30894631  35.04325856],1.0,1.0,1.0,1.0,60,79538.0,81338.0,83437.0,85237.0
person448,[-85.32681127  35.00393793],[-85.30894631  35.04325856],0.0,1.0,1.0,1.0,60,46360.0,48160.0,50985.0,52785.0
person449,[-85.32349687  35.01254543],[-85.31281958  35.05279457],1.0,1.0,1.0,1.0,60,84174.0,85974.0,87779.0,89579.0
person450,[-85.32349687  35.01254543],[-85.31281958  35.05279457],0.0,1.0,1.0,1.0,60,83311.0,85111.0,88170.0,89970.0
person451,[-85.32451315  35.0152348 ],[-85.31289204  35.04985434],1.0,1.0,1.0,1.0,60,59218.0,61018.0,65148.0,66948.0
person452,[-85.32451315  35.0152348 ],[-85.31289204  35.04985434],0.0,1.0,1.0,1.0,60,80757.0,82557.0,87839.0,89639.0
person453,[-85.32183308  34.9865131 ],[-85.31480459  35.04973755],1.0,1.0,1.0,1.0,60,53328.0,55128.0,57047.0,58847.0
person454,[-85.32183308  34.9865131 ],[-85.31480459  35.04973755],0.0,1.0,1.0,1.0,60,61959.0,63759.0,66689.0,68489.0
person455,[-85.32477254  35.01006646],[-85.3148257   35.04800463],1.0,1.0,1.0,1.0,60,52525.0,54325.0,57179.0,58979.0
person456,[-85.32477254  35.01006646],[-85.3148257   35.04800463],0.0,1.0,1.0,1.0,60,68424.0,70224.0,75171.0,76971.0
person457,[-85.32630671  35.00811851],[-85.29821223  35.04581085],1.0,1.0,1.0,1.0,60,72496.0,74296.0,76855.0,78655.0
person458,[-85.32630671  35.00811851],[-85.29821223  35.04581085],0.0,1.0,1.0,1.0,60,78059.0,79859.0,84820.0,86620.0
person459,[-85.31882568  35.00117278],[-85.30631424  35.05011632],1.0,1.0,1.0,1.0,60,72869.0,74669.0,79221.0,81021.0
person460,[-85.31882568  35.00117278],[-85.30631424  35.05011632],0.0,1.0,1.0,1.0,60,81242.0,83042.0,87290.0,89090.0
person461,[-85.32018623  35.00347708],[-85.30085884  35.04326873],1.0,1.0,1.0,1.0,60,74886.0,76686.0,81820.0,83620.0
person462,[-85.32018623  35.00347708],[-85.30085884  35.04326873],0.0,1.0,1.0,1.0,60,82316.0,84116.0,87631.0,89431.0
person463,[-85.3280939   35.01055414],[-85.31588971  35.03616175],1.0,1.0,1.0,1.0,60,83286.0,85086.0,87149.0,88949.0
person464,[-85.3280939   35.01055414],[-85.31588971  35.03616175],0.0,1.0,1.0,1.0,60,67499.0,69299.0,73818.0,75618.0
person465,[-85.32098717  34.99242205],[-85.30740273  35.04804325],1.0,1.0,1.0,1.0,60,66199.0,67999.0,70630.0,72430.0
person466,[-85.32098717  34.99242205],[-85.30740273  35.04804325],0.0,1.0,1.0,1.0,60,22825.0,24625.0,27348.0,29148.0
person467,[-85.32150414  35.0158588 ],[-85.3075786   35.04027019],1.0,1.0,1.0,1.0,60,44717.0,46517.0,51504.0,53304.0
person468,[-85.32150414  35.0158588 ],[-85.3075786   35.04027019],0.0,1.0,1.0,1.0,60,65625.0,67425.0,70274.0,72074.0
person469,[-85.31732748  35.01769936],[-85.3061434   35.05461039],1.0,1.0,1.0,1.0,60,83228.0,85028.0,86911.0,88711.0
person470,[-85.31732748  35.01769936],[-85.3061434   35.05461039],0.0,1.0,1.0,1.0,60,18351.0,20151.0,24328.0,26128.0
person471,[-85.32899614  35.0054199 ],[-85.31531369  35.05178642],1.0,1.0,1.0,1.0,60,79990.0,81790.0,85491.0,87291.0
person472,[-85.32425985  35.01271685],[-85.30627509  35.05034985],1.0,1.0,1.0,1.0,60,76912.0,78712.0,82698.0,84498.0
person473,[-85.32425985  35.01271685],[-85.30627509  35.05034985],0.0,1.0,1.0,1.0,60,76670.0,78470.0,82891.0,84691.0
person474,[-85.32950021  34.99258416],[-85.31353031  35.03866752],1.0,1.0,1.0,1.0,60,71343.0,73143.0,75608.0,77408.0
person475,[-85.32950021  34.99258416],[-85.31353031  35.03866752],0.0,1.0,1.0,1.0,60,30426.0,32226.0,35752.0,37552.0
person476,[-85.33071324  35.0228908 ],[-85.31265947  35.04570447],1.0,1.0,1.0,1.0,60,73646.0,75446.0,78907.0,80707.0
person477,[-85.33027302  34.99336406],[-85.31742242  35.0499116 ],1.0,1.0,1.0,1.0,60,81482.0,83282.0,87009.0,88809.0
person478,[-85.33027302  34.99336406],[-85.31742242  35.0499116 ],0.0,1.0,1.0,1.0,60,60172.0,61972.0,63806.0,65606.0
person479,[-85.32224155  34.99192779],[-85.31063133  35.04171139],1.0,1.0,1.0,1.0,60,77562.0,79362.0,83278.0,85078.0
person480,[-85.32224155  34.99192779],[-85.31063133  35.04171139],0.0,1.0,1.0,1.0,60,80555.0,82355.0,86558.0,88358.0
person481,[-85.32776692  34.99438894],[-85.31269856  35.04247825],1.0,1.0,1.0,1.0,60,83735.0,85535.0,87694.0,89494.0
person482,[-85.32776692  34.99438894],[-85.31269856  35.04247825],0.0,1.0,1.0,1.0,60,74541.0,76341.0,80297.0,82097.0
person483,[-85.32804251  34.99641994],[-85.31046106  35.04097235],1.0,1.0,1.0,1.0,60,36953.0,38753.0,42694.0,44494.0
person484,[-85.32804251  34.99641994],[-85.31046106  35.04097235],0.0,1.0,1.0,1.0,60,56718.0,58518.0,61393.0,63193.0
person485,[-85.32621097  34.99845861],[-85.30546171  35.04175022],1.0,1.0,1.0,1.0,60,81668.0,83468.0,87205.0,89005.0
person486,[-85.32621097  34.99845861],[-85.30546171  35.04175022],0.0,1.0,1.0,1.0,60,71572.0,73372.0,77188.0,78988.0
person487,[-85.32128777  34.98874587],[-85.30928079  35.04961969],1.0,1.0,1.0,1.0,60,78385.0,80185.0,83773.0,85573.0
person488,[-85.32128777  34.98874587],[-85.30928079  35.04961969],0.0,1.0,1.0,1.0,60,50016.0,51816.0,55538.0,57338.0
person489,[-85.31992592  35.02039761],[-85.30594671  35.04430388],1.0,1.0,1.0,1.0,60,82596.0,84396.0,86609.0,88409.0
person490,[-85.31992592  35.02039761],[-85.30594671  35.04430388],0.0,1.0,1.0,1.0,60,69831.0,71631.0,75552.0,77352.0
person491,[-85.31962594  35.01022793],[-85.31553136  35.05067983],1.0,1.0,1.0,1.0,60,83229.0,85029.0,87656.0,89456.0
person492,[-85.31962594  35.01022793],[-85.31553136  35.05067983],0.0,1.0,1.0,1.0,60,80231.0,82031.0,86896.0,88696.0
person493,[-85.32099084  34.98843151],[-85.31520162  35.04849258],1.0,1.0,1.0,1.0,60,83383.0,85183.0,88092.0,89892.0
person494,[-85.32099084  34.98843151],[-85.31520162  35.04849258],0.0,1.0,1.0,1.0,60,81284.0,83084.0,86495.0,88295.0
person495,[-85.32396358  35.00240843],[-85.30491602  35.04439333],1.0,1.0,1.0,1.0,60,32691.0,34491.0,38886.0,40686.0
person496,[-85.32396358  35.00240843],[-85.30491602  35.04439333],0.0,1.0,1.0,1.0,60,84212.0,86012.0,87924.0,89724.0
person497,[-85.32262235  34.99902843],[-85.3047646   35.05001939],1.0,1.0,1.0,1.0,60,80099.0,81899.0,84379.0,86179.0
person498,[-85.32262235  34.99902843],[-85.3047646   35.05001939],0.0,1.0,1.0,1.0,60,66035.0,67835.0,69815.0,71615.0
person499,[-85.3244276   35.01224096],[-85.31124973  35.04387363],1.0,1.0,1.0,1.0,60,78111.0,79911.0,82463.0,84263.0
person500,[-85.3244276   35.01224096],[-85.31124973  35.04387363],0.0,1.0,1.0,1.0,60,81621.0,83421.0,87643.0,89443.0
person501,[-85.32083914  35.02517625],[-85.30144358  35.0511783 ],1.0,1.0,1.0,1.0,60,78628.0,80428.0,84024.0,85824.0
person502,[-85.32854995  34.99403013],[-85.31265293  35.04924104],1.0,1.0,1.0,1.0,60,77636.0,79436.0,82173.0,83973.0
person503,[-85.32854995  34.99403013],[-85.31265293  35.04924104],0.0,1.0,1.0,1.0,60,31826.0,33626.0,37442.0,39242.0
person504,[-85.32645667  34.99319995],[-85.30831987  35.04323402],1.0,1.0,1.0,1.0,60,72708.0,74508.0,78500.0,80300.0
person505,[-85.32645667  34.99319995],[-85.30831987  35.04323402],0.0,1.0,1.0,1.0,60,77768.0,79568.0,84678.0,86478.0
person506,[-85.32948754  35.00560679],[-85.31234954  35.04431834],1.0,1.0,1.0,1.0,60,79142.0,80942.0,83356.0,85156.0
person507,[-85.32465854  35.00894731],[-85.30868028  35.04383126],1.0,1.0,1.0,1.0,60,57407.0,59207.0,64084.0,65884.0
person508,[-85.32465854  35.00894731],[-85.30868028  35.04383126],0.0,1.0,1.0,1.0,60,59539.0,61339.0,64168.0,65968.0
person509,[-85.33092888  34.97888038],[-85.3129588   35.03988594],1.0,1.0,1.0,1.0,60,77190.0,78990.0,83516.0,85316.0
person510,[-85.33092888  34.97888038],[-85.3129588   35.03988594],0.0,1.0,1.0,1.0,60,80641.0,82441.0,86900.0,88700.0
person511,[-85.32557743  34.99251905],[-85.30678355  35.03944016],1.0,1.0,1.0,1.0,60,69316.0,71116.0,75895.0,77695.0
person512,[-85.32557743  34.99251905],[-85.30678355  35.03944016],0.0,1.0,1.0,1.0,60,80338.0,82138.0,86558.0,88358.0
person513,[-85.32593147  35.00000841],[-85.31549151  35.0473111 ],1.0,1.0,1.0,1.0,60,35206.0,37006.0,41224.0,43024.0
person514,[-85.32593147  35.00000841],[-85.31549151  35.0473111 ],0.0,1.0,1.0,1.0,60,63819.0,65619.0,69189.0,70989.0
person515,[-85.32329222  34.99996596],[-85.30712535  35.0430677 ],1.0,1.0,1.0,1.0,60,81570.0,83370.0,87683.0,89483.0
person516,[-85.32329222  34.99996596],[-85.30712535  35.0430677 ],0.0,1.0,1.0,1.0,60,76461.0,78261.0,80427.0,82227.0
person517,[-85.33037874  35.0097609 ],[-85.30889182  35.04799757],1.0,1.0,1.0,1.0,60,23500.0,25300.0,30151.0,31951.0
person518,[-85.33128116  35.01619708],[-85.3070418   35.04465761],1.0,1.0,1.0,1.0,60,29032.0,30832.0,33471.0,35271.0
person519,[-85.33128116  35.01619708],[-85.3070418   35.04465761],0.0,1.0,1.0,1.0,60,80245.0,82045.0,84857.0,86657.0
person520,[-85.32105182  35.00028659],[-85.31081854  35.04106212],1.0,1.0,1.0,1.0,60,76102.0,77902.0,80246.0,82046.0
person521,[-85.32105182  35.00028659],[-85.31081854  35.04106212],0.0,1.0,1.0,1.0,60,83148.0,84948.0,87120.0,88920.0
person522,[-85.32294738  35.00311416],[-85.31274887  35.04640884],1.0,1.0,1.0,1.0,60,66456.0,68256.0,73227.0,75027.0
person523,[-85.32294738  35.00311416],[-85.31274887  35.04640884],0.0,1.0,1.0,1.0,60,83220.0,85020.0,86978.0,88778.0
person524,[-85.32425957  35.00132809],[-85.30750906  35.04569599],1.0,1.0,1.0,1.0,60,45089.0,46889.0,50664.0,52464.0
person525,[-85.32425957  35.00132809],[-85.30750906  35.04569599],0.0,1.0,1.0,1.0,60,72298.0,74098.0,79489.0,81289.0
person526,[-85.32705729  34.99579847],[-85.3143773   35.04006515],1.0,1.0,1.0,1.0,60,78130.0,79930.0,84165.0,85965.0
person527,[-85.32705729  34.99579847],[-85.3143773   35.04006515],0.0,1.0,1.0,1.0,60,82512.0,84312.0,86775.0,88575.0
person528,[-85.32947997  35.01110899],[-85.30185978  35.04988613],1.0,1.0,1.0,1.0,60,74750.0,76550.0,80394.0,82194.0
person529,[-85.32947997  35.01110899],[-85.30185978  35.04988613],0.0,1.0,1.0,1.0,60,66369.0,68169.0,71965.0,73765.0
person530,[-85.31573418  35.01845791],[-85.30880955  35.04662108],1.0,1.0,1.0,1.0,60,75368.0,77168.0,80367.0,82167.0
person531,[-85.32201399  34.99430979],[-85.31059272  35.05031431],1.0,1.0,1.0,1.0,60,50320.0,52120.0,55909.0,57709.0
person532,[-85.32201399  34.99430979],[-85.31059272  35.05031431],0.0,1.0,1.0,1.0,60,59112.0,60912.0,63318.0,65118.0
person533,[-85.33528203  35.01781921],[-85.30872429  35.04180555],1.0,1.0,1.0,1.0,60,81079.0,82879.0,85809.0,87609.0
person534,[-85.32656371  34.98723769],[-85.3052547   35.04682459],1.0,1.0,1.0,1.0,60,82426.0,84226.0,86083.0,87883.0
person535,[-85.32656371  34.98723769],[-85.3052547   35.04682459],0.0,1.0,1.0,1.0,60,56182.0,57982.0,60110.0,61910.0
person536,[-85.32015906  34.99885362],[-85.3102651   35.04666102],1.0,1.0,1.0,1.0,60,57127.0,58927.0,64134.0,65934.0
person537,[-85.32015906  34.99885362],[-85.3102651   35.04666102],0.0,1.0,1.0,1.0,60,78372.0,80172.0,83322.0,85122.0
person538,[-85.32742991  35.00054053],[-85.29947872  35.0440662 ],1.0,1.0,1.0,1.0,60,51051.0,52851.0,55620.0,57420.0
person539,[-85.32742991  35.00054053],[-85.29947872  35.0440662 ],0.0,1.0,1.0,1.0,60,77402.0,79202.0,83407.0,85207.0
person540,[-85.32286255  34.99160102],[-85.30346231  35.04628457],1.0,1.0,1.0,1.0,60,75595.0,77395.0,80738.0,82538.0
person541,[-85.32286255  34.99160102],[-85.30346231  35.04628457],0.0,1.0,1.0,1.0,60,79227.0,81027.0,85528.0,87328.0
person542,[-85.32769961  34.99344559],[-85.30561643  35.05066423],1.0,1.0,1.0,1.0,60,83723.0,85523.0,87943.0,89743.0
person543,[-85.32769961  34.99344559],[-85.30561643  35.05066423],0.0,1.0,1.0,1.0,60,79045.0,80845.0,84154.0,85954.0
person544,[-85.32806852  35.00362961],[-85.30871122  35.04448891],1.0,1.0,1.0,1.0,60,82436.0,84236.0,86966.0,88766.0
person545,[-85.33042556  34.99489158],[-85.30689411  35.04242262],1.0,1.0,1.0,1.0,60,82939.0,84739.0,87936.0,89736.0
person546,[-85.33042556  34.99489158],[-85.30689411  35.04242262],0.0,1.0,1.0,1.0,60,22020.0,23820.0,28669.0,30469.0
person547,[-85.31819879  35.00974444],[-85.30095634  35.05036779],1.0,1.0,1.0,1.0,60,72446.0,74246.0,78684.0,80484.0
person548,[-85.31819879  35.00974444],[-85.30095634  35.05036779],0.0,1.0,1.0,1.0,60,84499.0,86299.0,88194.0,89994.0
person549,[-85.32321979  35.00034073],[-85.30328104  35.04857072],1.0,1.0,1.0,1.0,60,82757.0,84557.0,87864.0,89664.0
person550,[-85.32321979  35.00034073],[-85.30328104  35.04857072],0.0,1.0,1.0,1.0,60,61858.0,63658.0,66635.0,68435.0
person551,[-85.32563594  35.00830223],[-85.31325271  35.04879298],1.0,1.0,1.0,1.0,60,44048.0,45848.0,49426.0,51226.0
person552,[-85.32563594  35.00830223],[-85.31325271  35.04879298],0.0,1.0,1.0,1.0,60,28873.0,30673.0,34995.0,36795.0
person553,[-85.32466568  35.004989  ],[-85.30721298  35.04643839],1.0,1.0,1.0,1.0,60,53044.0,54844.0,59187.0,60987.0
person554,[-85.32466568  35.004989  ],[-85.30721298  35.04643839],0.0,1.0,1.0,1.0,60,83700.0,85500.0,87882.0,89682.0
person555,[-85.32704545  35.01514935],[-85.29844762  35.04048257],1.0,1.0,1.0,1.0,60,74879.0,76679.0,80891.0,82691.0
person556,[-85.32704545  35.01514935],[-85.29844762  35.04048257],0.0,1.0,1.0,1.0,60,77387.0,79187.0,82659.0,84459.0
person557,[-85.33127112  34.99314866],[-85.30898043  35.04201576],1.0,1.0,1.0,1.0,60,79828.0,81628.0,84207.0,86007.0
person558,[-85.33127112  34.99314866],[-85.30898043  35.04201576],0.0,1.0,1.0,1.0,60,81535.0,83335.0,87522.0,89322.0
person559,[-85.3261802   35.01700271],[-85.3074865   35.04315495],1.0,1.0,1.0,1.0,60,32564.0,34364.0,38080.0,39880.0
person560,[-85.3261802   35.01700271],[-85.3074865   35.04315495],0.0,1.0,1.0,1.0,60,82633.0,84433.0,87308.0,89108.0
person561,[-85.32293327  35.00099373],[-85.30947768  35.04364328],1.0,1.0,1.0,1.0,60,58793.0,60593.0,63468.0,65268.0
person562,[-85.32293327  35.00099373],[-85.30947768  35.04364328],0.0,1.0,1.0,1.0,60,83856.0,85656.0,87898.0,89698.0
person563,[-85.32071673  35.01041105],[-85.31019061  35.04770308],1.0,1.0,1.0,1.0,60,84558.0,86358.0,88171.0,89971.0
person564,[-85.32071673  35.01041105],[-85.31019061  35.04770308],0.0,1.0,1.0,1.0,60,83403.0,85203.0,87577.0,89377.0
person565,[-85.32102835  35.00527125],[-85.30714178  35.03980317],1.0,1.0,1.0,1.0,60,83345.0,85145.0,87097.0,88897.0
person566,[-85.32102835  35.00527125],[-85.30714178  35.03980317],0.0,1.0,1.0,1.0,60,65842.0,67642.0,72871.0,74671.0
person567,[-85.32038851  35.00852354],[-85.3047267   35.04789588],1.0,1.0,1.0,1.0,60,71497.0,73297.0,76394.0,78194.0
person568,[-85.32038851  35.00852354],[-85.3047267   35.04789588],0.0,1.0,1.0,1.0,60,82929.0,84729.0,87399.0,89199.0
person569,[-85.32396057  34.98895281],[-85.30639823  35.0495056 ],1.0,1.0,1.0,1.0,60,34768.0,36568.0,40388.0,42188.0
person570,[-85.32396057  34.98895281],[-85.30639823  35.0495056 ],0.0,1.0,1.0,1.0,60,80727.0,82527.0,85681.0,87481.0
person571,[-85.33090536  35.00807526],[-85.31506393  35.04824866],1.0,1.0,1.0,1.0,60,83279.0,85079.0,87176.0,88976.0
person572,[-85.33178999  35.01656409],[-85.31281575  35.03785218],1.0,1.0,1.0,1.0,60,77096.0,78896.0,83063.0,84863.0
person573,[-85.33178999  35.01656409],[-85.31281575  35.03785218],0.0,1.0,1.0,1.0,60,83304.0,85104.0,87180.0,88980.0
person574,[-85.32278687  35.01401156],[-85.3145307   35.04579838],1.0,1.0,1.0,1.0,60,56634.0,58434.0,61513.0,63313.0
person575,[-85.32278687  35.01401156],[-85.3145307   35.04579838],0.0,1.0,1.0,1.0,60,21367.0,23167.0,25962.0,27762.0
person576,[-85.33374276  34.99617783],[-85.31506178  35.0522954 ],1.0,1.0,1.0,1.0,60,81065.0,82865.0,87518.0,89318.0
person577,[-85.33374276  34.99617783],[-85.31506178  35.0522954 ],0.0,1.0,1.0,1.0,60,79547.0,81347.0,84847.0,86647.0
person578,[-85.32755739  35.00703875],[-85.30497736  35.04566409],1.0,1.0,1.0,1.0,60,67705.0,69505.0,73712.0,75512.0
person579,[-85.32539104  35.00521431],[-85.31668651  35.04703705],1.0,1.0,1.0,1.0,60,41115.0,42915.0,46430.0,48230.0
person580,[-85.32539104  35.00521431],[-85.31668651  35.04703705],0.0,1.0,1.0,1.0,60,64774.0,66574.0,69528.0,71328.0
person581,[-85.31660077  35.02038721],[-85.31022291  35.04207012],1.0,1.0,1.0,1.0,60,67646.0,69446.0,73676.0,75476.0
person582,[-85.31984665  35.00295197],[-85.30949155  35.04571749],1.0,1.0,1.0,1.0,60,84439.0,86239.0,88187.0,89987.0
person583,[-85.31984665  35.00295197],[-85.30949155  35.04571749],0.0,1.0,1.0,1.0,60,67912.0,69712.0,73012.0,74812.0
person584,[-85.32465744  35.00205093],[-85.31032895  35.05104069],1.0,1.0,1.0,1.0,60,67477.0,69277.0,72783.0,74583.0
person585,[-85.32465744  35.00205093],[-85.31032895  35.05104069],0.0,1.0,1.0,1.0,60,74665.0,76465.0,78271.0,80071.0
person586,[-85.32709906  34.99456047],[-85.30580213  35.04994792],1.0,1.0,1.0,1.0,60,74523.0,76323.0,81085.0,82885.0
person587,[-85.32709906  34.99456047],[-85.30580213  35.04994792],0.0,1.0,1.0,1.0,60,84052.0,85852.0,87672.0,89472.0
person588,[-85.31977101  35.00774935],[-85.30938197  35.04756237],1.0,1.0,1.0,1.0,60,72638.0,74438.0,77127.0,78927.0
person589,[-85.31977101  35.00774935],[-85.30938197  35.04756237],0.0,1.0,1.0,1.0,60,71780.0,73580.0,75570.0,77370.0
person590,[-85.31725367  34.99275772],[-85.31047938  35.04388578],1.0,1.0,1.0,1.0,60,78880.0,80680.0,84509.0,86309.0
person591,[-85.31725367  34.99275772],[-85.31047938  35.04388578],0.0,1.0,1.0,1.0,60,65561.0,67361.0,69509.0,71309.0
person592,[-85.32211434  35.01192312],[-85.3083057   35.04144309],1.0,1.0,1.0,1.0,60,81087.0,82887.0,85535.0,87335.0
person593,[-85.32211434  35.01192312],[-85.3083057   35.04144309],0.0,1.0,1.0,1.0,60,83776.0,85576.0,88105.0,89905.0
person594,[-85.32286556  34.99440178],[-85.3115589   35.04885979],1.0,1.0,1.0,1.0,60,83235.0,85035.0,87102.0,88902.0
person595,[-85.32286556  34.99440178],[-85.3115589   35.04885979],0.0,1.0,1.0,1.0,60,79312.0,81112.0,86059.0,87859.0
person596,[-85.31929083  35.0050667 ],[-85.30793584  35.04583959],1.0,1.0,1.0,1.0,60,84180.0,85980.0,87865.0,89665.0
person597,[-85.31929083  35.0050667 ],[-85.30793584  35.04583959],0.0,1.0,1.0,1.0,60,80073.0,81873.0,83934.0,85734.0
person598,[-85.31783733  35.0051697 ],[-85.29951712  35.04334891],1.0,1.0,1.0,1.0,60,75296.0,77096.0,82439.0,84239.0
person599,[-85.31783733  35.0051697 ],[-85.29951712  35.04334891],0.0,1.0,1.0,1.0,60,79189.0,80989.0,84002.0,85802.0
person600,[-85.32924887  34.99061094],[-85.30231973  35.04333736],1.0,1.0,1.0,1.0,60,78039.0,79839.0,82085.0,83885.0
person601,[-85.32924887  34.99061094],[-85.30231973  35.04333736],0.0,1.0,1.0,1.0,60,26376.0,28176.0,30479.0,32279.0
person602,[-85.32729483  35.00057575],[-85.30633565  35.04605209],1.0,1.0,1.0,1.0,60,49365.0,51165.0,53436.0,55236.0
person603,[-85.32729483  35.00057575],[-85.30633565  35.04605209],0.0,1.0,1.0,1.0,60,83771.0,85571.0,88151.0,89951.0
