"GEO_ID","NAME","B992512_001E","B992512_001EA","B992512_002E","B992512_002EA","B992512_003E","B992512_003EA",
"Geography","Geographic Area Name","Estimate!!Total:","Annotation of Estimate!!Total:","Estimate!!Total:!!Allocated","Annotation of Estimate!!Total:!!Allocated","Estimate!!Total:!!Not allocated","Annotation of Estimate!!Total:!!Not allocated",
"1500000US470650004001","Block Group 1, Census Tract 4, Hamilton County, Tennessee","680","null","20","null","660","null",
"1500000US470650004002","Block Group 2, Census Tract 4, Hamilton County, Tennessee","0","null","0","null","0","null",
"1500000US470650004003","Block Group 3, Census Tract 4, Hamilton County, Tennessee","819","null","0","null","819","null",
"1500000US470650006001","Block Group 1, Census Tract 6, Hamilton County, Tennessee","452","null","0","null","452","null",
"1500000US470650006002","Block Group 2, Census Tract 6, Hamilton County, Tennessee","635","null","12","null","623","null",
"1500000US470650006003","Block Group 3, Census Tract 6, Hamilton County, Tennessee","552","null","0","null","552","null",
"1500000US470650007001","Block Group 1, Census Tract 7, Hamilton County, Tennessee","408","null","0","null","408","null",
"1500000US470650007002","Block Group 2, Census Tract 7, Hamilton County, Tennessee","327","null","0","null","327","null",
"1500000US470650007003","Block Group 3, Census Tract 7, Hamilton County, Tennessee","569","null","0","null","569","null",
"1500000US470650007004","Block Group 4, Census Tract 7, Hamilton County, Tennessee","775","null","0","null","775","null",
"1500000US470650008001","Block Group 1, Census Tract 8, Hamilton County, Tennessee","1017","null","4","null","1013","null",
"1500000US470650011001","Block Group 1, Census Tract 11, Hamilton County, Tennessee","453","null","0","null","453","null",
"1500000US470650011002","Block Group 2, Census Tract 11, Hamilton County, Tennessee","241","null","0","null","241","null",
"1500000US470650012001","Block Group 1, Census Tract 12, Hamilton County, Tennessee","465","null","0","null","465","null",
"1500000US470650012002","Block Group 2, Census Tract 12, Hamilton County, Tennessee","507","null","0","null","507","null",
"1500000US470650012003","Block Group 3, Census Tract 12, Hamilton County, Tennessee","0","null","0","null","0","null",
"1500000US470650012004","Block Group 4, Census Tract 12, Hamilton County, Tennessee","418","null","0","null","418","null",
"1500000US470650013001","Block Group 1, Census Tract 13, Hamilton County, Tennessee","396","null","4","null","392","null",
"1500000US470650013002","Block Group 2, Census Tract 13, Hamilton County, Tennessee","422","null","0","null","422","null",
"1500000US470650014001","Block Group 1, Census Tract 14, Hamilton County, Tennessee","303","null","12","null","291","null",
"1500000US470650014002","Block Group 2, Census Tract 14, Hamilton County, Tennessee","360","null","0","null","360","null",
"1500000US470650016001","Block Group 1, Census Tract 16, Hamilton County, Tennessee","480","null","0","null","480","null",
"1500000US470650016002","Block Group 2, Census Tract 16, Hamilton County, Tennessee","602","null","0","null","602","null",
"1500000US470650016003","Block Group 3, Census Tract 16, Hamilton County, Tennessee","517","null","134","null","383","null",
"1500000US470650018001","Block Group 1, Census Tract 18, Hamilton County, Tennessee","579","null","0","null","579","null",
"1500000US470650018002","Block Group 2, Census Tract 18, Hamilton County, Tennessee","599","null","11","null","588","null",
"1500000US470650019001","Block Group 1, Census Tract 19, Hamilton County, Tennessee","672","null","9","null","663","null",
"1500000US470650019002","Block Group 2, Census Tract 19, Hamilton County, Tennessee","291","null","24","null","267","null",
"1500000US470650019003","Block Group 3, Census Tract 19, Hamilton County, Tennessee","619","null","46","null","573","null",
"1500000US470650020001","Block Group 1, Census Tract 20, Hamilton County, Tennessee","625","null","0","null","625","null",
"1500000US470650020002","Block Group 2, Census Tract 20, Hamilton County, Tennessee","151","null","0","null","151","null",
"1500000US470650023001","Block Group 1, Census Tract 23, Hamilton County, Tennessee","504","null","0","null","504","null",
"1500000US470650024001","Block Group 1, Census Tract 24, Hamilton County, Tennessee","375","null","0","null","375","null",
"1500000US470650024002","Block Group 2, Census Tract 24, Hamilton County, Tennessee","302","null","0","null","302","null",
"1500000US470650024003","Block Group 3, Census Tract 24, Hamilton County, Tennessee","538","null","8","null","530","null",
"1500000US470650024004","Block Group 4, Census Tract 24, Hamilton County, Tennessee","487","null","0","null","487","null",
"1500000US470650025001","Block Group 1, Census Tract 25, Hamilton County, Tennessee","443","null","0","null","443","null",
"1500000US470650025002","Block Group 2, Census Tract 25, Hamilton County, Tennessee","605","null","0","null","605","null",
"1500000US470650025003","Block Group 3, Census Tract 25, Hamilton County, Tennessee","300","null","1","null","299","null",
"1500000US470650025004","Block Group 4, Census Tract 25, Hamilton County, Tennessee","562","null","0","null","562","null",
"1500000US470650026001","Block Group 1, Census Tract 26, Hamilton County, Tennessee","316","null","5","null","311","null",
"1500000US470650026002","Block Group 2, Census Tract 26, Hamilton County, Tennessee","146","null","0","null","146","null",
"1500000US470650026003","Block Group 3, Census Tract 26, Hamilton County, Tennessee","312","null","0","null","312","null",
"1500000US470650028001","Block Group 1, Census Tract 28, Hamilton County, Tennessee","636","null","0","null","636","null",
"1500000US470650028002","Block Group 2, Census Tract 28, Hamilton County, Tennessee","406","null","0","null","406","null",
"1500000US470650028003","Block Group 3, Census Tract 28, Hamilton County, Tennessee","703","null","0","null","703","null",
"1500000US470650029001","Block Group 1, Census Tract 29, Hamilton County, Tennessee","637","null","6","null","631","null",
"1500000US470650029002","Block Group 2, Census Tract 29, Hamilton County, Tennessee","538","null","0","null","538","null",
"1500000US470650030001","Block Group 1, Census Tract 30, Hamilton County, Tennessee","343","null","0","null","343","null",
"1500000US470650030002","Block Group 2, Census Tract 30, Hamilton County, Tennessee","17","null","0","null","17","null",
"1500000US470650030003","Block Group 3, Census Tract 30, Hamilton County, Tennessee","605","null","5","null","600","null",
"1500000US470650031001","Block Group 1, Census Tract 31, Hamilton County, Tennessee","336","null","6","null","330","null",
"1500000US470650031002","Block Group 2, Census Tract 31, Hamilton County, Tennessee","675","null","16","null","659","null",
"1500000US470650032001","Block Group 1, Census Tract 32, Hamilton County, Tennessee","459","null","0","null","459","null",
"1500000US470650032002","Block Group 2, Census Tract 32, Hamilton County, Tennessee","338","null","27","null","311","null",
"1500000US470650032003","Block Group 3, Census Tract 32, Hamilton County, Tennessee","567","null","0","null","567","null",
"1500000US470650033001","Block Group 1, Census Tract 33, Hamilton County, Tennessee","415","null","37","null","378","null",
"1500000US470650033002","Block Group 2, Census Tract 33, Hamilton County, Tennessee","366","null","0","null","366","null",
"1500000US470650033003","Block Group 3, Census Tract 33, Hamilton County, Tennessee","346","null","0","null","346","null",
"1500000US470650033004","Block Group 4, Census Tract 33, Hamilton County, Tennessee","356","null","0","null","356","null",
"1500000US470650033005","Block Group 5, Census Tract 33, Hamilton County, Tennessee","600","null","0","null","600","null",
"1500000US470650033006","Block Group 6, Census Tract 33, Hamilton County, Tennessee","513","null","1","null","512","null",
"1500000US470650034001","Block Group 1, Census Tract 34, Hamilton County, Tennessee","556","null","0","null","556","null",
"1500000US470650034002","Block Group 2, Census Tract 34, Hamilton County, Tennessee","793","null","0","null","793","null",
"1500000US470650034003","Block Group 3, Census Tract 34, Hamilton County, Tennessee","655","null","0","null","655","null",
"1500000US470650101011","Block Group 1, Census Tract 101.01, Hamilton County, Tennessee","1105","null","0","null","1105","null",
"1500000US470650101012","Block Group 2, Census Tract 101.01, Hamilton County, Tennessee","868","null","0","null","868","null",
"1500000US470650101013","Block Group 3, Census Tract 101.01, Hamilton County, Tennessee","446","null","0","null","446","null",
"1500000US470650101031","Block Group 1, Census Tract 101.03, Hamilton County, Tennessee","618","null","0","null","618","null",
"1500000US470650101032","Block Group 2, Census Tract 101.03, Hamilton County, Tennessee","404","null","0","null","404","null",
"1500000US470650101033","Block Group 3, Census Tract 101.03, Hamilton County, Tennessee","486","null","0","null","486","null",
"1500000US470650101041","Block Group 1, Census Tract 101.04, Hamilton County, Tennessee","399","null","0","null","399","null",
"1500000US470650101042","Block Group 2, Census Tract 101.04, Hamilton County, Tennessee","422","null","0","null","422","null",
"1500000US470650101043","Block Group 3, Census Tract 101.04, Hamilton County, Tennessee","377","null","0","null","377","null",
"1500000US470650101044","Block Group 4, Census Tract 101.04, Hamilton County, Tennessee","252","null","0","null","252","null",
"1500000US470650102011","Block Group 1, Census Tract 102.01, Hamilton County, Tennessee","419","null","0","null","419","null",
"1500000US470650102012","Block Group 2, Census Tract 102.01, Hamilton County, Tennessee","456","null","0","null","456","null",
"1500000US470650102013","Block Group 3, Census Tract 102.01, Hamilton County, Tennessee","728","null","6","null","722","null",
"1500000US470650102021","Block Group 1, Census Tract 102.02, Hamilton County, Tennessee","313","null","17","null","296","null",
"1500000US470650102022","Block Group 2, Census Tract 102.02, Hamilton County, Tennessee","466","null","6","null","460","null",
"1500000US470650102023","Block Group 3, Census Tract 102.02, Hamilton County, Tennessee","428","null","0","null","428","null",
"1500000US470650102024","Block Group 4, Census Tract 102.02, Hamilton County, Tennessee","457","null","0","null","457","null",
"1500000US470650103031","Block Group 1, Census Tract 103.03, Hamilton County, Tennessee","520","null","0","null","520","null",
"1500000US470650103032","Block Group 2, Census Tract 103.03, Hamilton County, Tennessee","653","null","0","null","653","null",
"1500000US470650103041","Block Group 1, Census Tract 103.04, Hamilton County, Tennessee","693","null","4","null","689","null",
"1500000US470650103042","Block Group 2, Census Tract 103.04, Hamilton County, Tennessee","368","null","0","null","368","null",
"1500000US470650103043","Block Group 3, Census Tract 103.04, Hamilton County, Tennessee","564","null","0","null","564","null",
"1500000US470650103044","Block Group 4, Census Tract 103.04, Hamilton County, Tennessee","0","null","0","null","0","null",
"1500000US470650103045","Block Group 5, Census Tract 103.04, Hamilton County, Tennessee","362","null","0","null","362","null",
"1500000US470650103051","Block Group 1, Census Tract 103.05, Hamilton County, Tennessee","414","null","4","null","410","null",
"1500000US470650103052","Block Group 2, Census Tract 103.05, Hamilton County, Tennessee","816","null","0","null","816","null",
"1500000US470650103061","Block Group 1, Census Tract 103.06, Hamilton County, Tennessee","662","null","8","null","654","null",
"1500000US470650103062","Block Group 2, Census Tract 103.06, Hamilton County, Tennessee","344","null","45","null","299","null",
"1500000US470650103063","Block Group 3, Census Tract 103.06, Hamilton County, Tennessee","606","null","0","null","606","null",
"1500000US470650103081","Block Group 1, Census Tract 103.08, Hamilton County, Tennessee","557","null","0","null","557","null",
"1500000US470650103082","Block Group 2, Census Tract 103.08, Hamilton County, Tennessee","576","null","15","null","561","null",
"1500000US470650103091","Block Group 1, Census Tract 103.09, Hamilton County, Tennessee","594","null","0","null","594","null",
"1500000US470650103092","Block Group 2, Census Tract 103.09, Hamilton County, Tennessee","776","null","0","null","776","null",
"1500000US470650104111","Block Group 1, Census Tract 104.11, Hamilton County, Tennessee","376","null","0","null","376","null",
"1500000US470650104112","Block Group 2, Census Tract 104.11, Hamilton County, Tennessee","620","null","0","null","620","null",
"1500000US470650104113","Block Group 3, Census Tract 104.11, Hamilton County, Tennessee","985","null","22","null","963","null",
"1500000US470650104114","Block Group 4, Census Tract 104.11, Hamilton County, Tennessee","509","null","12","null","497","null",
"1500000US470650104115","Block Group 5, Census Tract 104.11, Hamilton County, Tennessee","329","null","0","null","329","null",
"1500000US470650104121","Block Group 1, Census Tract 104.12, Hamilton County, Tennessee","596","null","0","null","596","null",
"1500000US470650104122","Block Group 2, Census Tract 104.12, Hamilton County, Tennessee","243","null","0","null","243","null",
"1500000US470650104123","Block Group 3, Census Tract 104.12, Hamilton County, Tennessee","580","null","0","null","580","null",
"1500000US470650104124","Block Group 4, Census Tract 104.12, Hamilton County, Tennessee","395","null","0","null","395","null",
"1500000US470650104131","Block Group 1, Census Tract 104.13, Hamilton County, Tennessee","1046","null","86","null","960","null",
"1500000US470650104132","Block Group 2, Census Tract 104.13, Hamilton County, Tennessee","420","null","8","null","412","null",
"1500000US470650104311","Block Group 1, Census Tract 104.31, Hamilton County, Tennessee","613","null","0","null","613","null",
"1500000US470650104312","Block Group 2, Census Tract 104.31, Hamilton County, Tennessee","995","null","0","null","995","null",
"1500000US470650104313","Block Group 3, Census Tract 104.31, Hamilton County, Tennessee","542","null","19","null","523","null",
"1500000US470650104314","Block Group 4, Census Tract 104.31, Hamilton County, Tennessee","252","null","16","null","236","null",
"1500000US470650104315","Block Group 5, Census Tract 104.31, Hamilton County, Tennessee","508","null","0","null","508","null",
"1500000US470650104321","Block Group 1, Census Tract 104.32, Hamilton County, Tennessee","133","null","0","null","133","null",
"1500000US470650104322","Block Group 2, Census Tract 104.32, Hamilton County, Tennessee","782","null","0","null","782","null",
"1500000US470650104323","Block Group 3, Census Tract 104.32, Hamilton County, Tennessee","349","null","0","null","349","null",
"1500000US470650104324","Block Group 4, Census Tract 104.32, Hamilton County, Tennessee","545","null","0","null","545","null",
"1500000US470650104325","Block Group 5, Census Tract 104.32, Hamilton County, Tennessee","562","null","0","null","562","null",
"1500000US470650104326","Block Group 6, Census Tract 104.32, Hamilton County, Tennessee","648","null","10","null","638","null",
"1500000US470650104331","Block Group 1, Census Tract 104.33, Hamilton County, Tennessee","894","null","72","null","822","null",
"1500000US470650104332","Block Group 2, Census Tract 104.33, Hamilton County, Tennessee","519","null","0","null","519","null",
"1500000US470650104333","Block Group 3, Census Tract 104.33, Hamilton County, Tennessee","548","null","0","null","548","null",
"1500000US470650104334","Block Group 4, Census Tract 104.33, Hamilton County, Tennessee","328","null","0","null","328","null",
"1500000US470650104341","Block Group 1, Census Tract 104.34, Hamilton County, Tennessee","860","null","0","null","860","null",
"1500000US470650104351","Block Group 1, Census Tract 104.35, Hamilton County, Tennessee","399","null","0","null","399","null",
"1500000US470650104352","Block Group 2, Census Tract 104.35, Hamilton County, Tennessee","1110","null","21","null","1089","null",
"1500000US470650104353","Block Group 3, Census Tract 104.35, Hamilton County, Tennessee","369","null","0","null","369","null",
"1500000US470650104354","Block Group 4, Census Tract 104.35, Hamilton County, Tennessee","315","null","14","null","301","null",
"1500000US470650105011","Block Group 1, Census Tract 105.01, Hamilton County, Tennessee","234","null","0","null","234","null",
"1500000US470650105012","Block Group 2, Census Tract 105.01, Hamilton County, Tennessee","480","null","0","null","480","null",
"1500000US470650105013","Block Group 3, Census Tract 105.01, Hamilton County, Tennessee","458","null","0","null","458","null",
"1500000US470650105014","Block Group 4, Census Tract 105.01, Hamilton County, Tennessee","434","null","17","null","417","null",
"1500000US470650105015","Block Group 5, Census Tract 105.01, Hamilton County, Tennessee","513","null","19","null","494","null",
"1500000US470650105016","Block Group 6, Census Tract 105.01, Hamilton County, Tennessee","548","null","0","null","548","null",
"1500000US470650105021","Block Group 1, Census Tract 105.02, Hamilton County, Tennessee","709","null","0","null","709","null",
"1500000US470650105022","Block Group 2, Census Tract 105.02, Hamilton County, Tennessee","400","null","0","null","400","null",
"1500000US470650105023","Block Group 3, Census Tract 105.02, Hamilton County, Tennessee","362","null","9","null","353","null",
"1500000US470650106001","Block Group 1, Census Tract 106, Hamilton County, Tennessee","347","null","0","null","347","null",
"1500000US470650106002","Block Group 2, Census Tract 106, Hamilton County, Tennessee","618","null","0","null","618","null",
"1500000US470650106003","Block Group 3, Census Tract 106, Hamilton County, Tennessee","579","null","0","null","579","null",
"1500000US470650107001","Block Group 1, Census Tract 107, Hamilton County, Tennessee","249","null","0","null","249","null",
"1500000US470650107002","Block Group 2, Census Tract 107, Hamilton County, Tennessee","640","null","0","null","640","null",
"1500000US470650107003","Block Group 3, Census Tract 107, Hamilton County, Tennessee","642","null","0","null","642","null",
"1500000US470650108001","Block Group 1, Census Tract 108, Hamilton County, Tennessee","555","null","17","null","538","null",
"1500000US470650108002","Block Group 2, Census Tract 108, Hamilton County, Tennessee","618","null","35","null","583","null",
"1500000US470650108003","Block Group 3, Census Tract 108, Hamilton County, Tennessee","430","null","8","null","422","null",
"1500000US470650108004","Block Group 4, Census Tract 108, Hamilton County, Tennessee","402","null","6","null","396","null",
"1500000US470650109011","Block Group 1, Census Tract 109.01, Hamilton County, Tennessee","920","null","0","null","920","null",
"1500000US470650109012","Block Group 2, Census Tract 109.01, Hamilton County, Tennessee","241","null","0","null","241","null",
"1500000US470650109021","Block Group 1, Census Tract 109.02, Hamilton County, Tennessee","388","null","0","null","388","null",
"1500000US470650109041","Block Group 1, Census Tract 109.04, Hamilton County, Tennessee","653","null","20","null","633","null",
"1500000US470650109042","Block Group 2, Census Tract 109.04, Hamilton County, Tennessee","635","null","0","null","635","null",
"1500000US470650109051","Block Group 1, Census Tract 109.05, Hamilton County, Tennessee","667","null","17","null","650","null",
"1500000US470650109052","Block Group 2, Census Tract 109.05, Hamilton County, Tennessee","408","null","0","null","408","null",
"1500000US470650109053","Block Group 3, Census Tract 109.05, Hamilton County, Tennessee","874","null","13","null","861","null",
"1500000US470650110011","Block Group 1, Census Tract 110.01, Hamilton County, Tennessee","765","null","26","null","739","null",
"1500000US470650110031","Block Group 1, Census Tract 110.03, Hamilton County, Tennessee","771","null","23","null","748","null",
"1500000US470650110032","Block Group 2, Census Tract 110.03, Hamilton County, Tennessee","501","null","0","null","501","null",
"1500000US470650110041","Block Group 1, Census Tract 110.04, Hamilton County, Tennessee","296","null","0","null","296","null",
"1500000US470650110042","Block Group 2, Census Tract 110.04, Hamilton County, Tennessee","662","null","0","null","662","null",
"1500000US470650110043","Block Group 3, Census Tract 110.04, Hamilton County, Tennessee","427","null","16","null","411","null",
"1500000US470650111001","Block Group 1, Census Tract 111, Hamilton County, Tennessee","790","null","0","null","790","null",
"1500000US470650111002","Block Group 2, Census Tract 111, Hamilton County, Tennessee","873","null","0","null","873","null",
"1500000US470650111003","Block Group 3, Census Tract 111, Hamilton County, Tennessee","732","null","0","null","732","null",
"1500000US470650112031","Block Group 1, Census Tract 112.03, Hamilton County, Tennessee","515","null","0","null","515","null",
"1500000US470650112032","Block Group 2, Census Tract 112.03, Hamilton County, Tennessee","572","null","9","null","563","null",
"1500000US470650112033","Block Group 3, Census Tract 112.03, Hamilton County, Tennessee","827","null","24","null","803","null",
"1500000US470650112041","Block Group 1, Census Tract 112.04, Hamilton County, Tennessee","763","null","17","null","746","null",
"1500000US470650112042","Block Group 2, Census Tract 112.04, Hamilton County, Tennessee","404","null","0","null","404","null",
"1500000US470650112043","Block Group 3, Census Tract 112.04, Hamilton County, Tennessee","579","null","48","null","531","null",
"1500000US470650112044","Block Group 4, Census Tract 112.04, Hamilton County, Tennessee","452","null","0","null","452","null",
"1500000US470650112051","Block Group 1, Census Tract 112.05, Hamilton County, Tennessee","732","null","0","null","732","null",
"1500000US470650112052","Block Group 2, Census Tract 112.05, Hamilton County, Tennessee","557","null","0","null","557","null",
"1500000US470650112053","Block Group 3, Census Tract 112.05, Hamilton County, Tennessee","810","null","129","null","681","null",
"1500000US470650112054","Block Group 4, Census Tract 112.05, Hamilton County, Tennessee","431","null","0","null","431","null",
"1500000US470650112061","Block Group 1, Census Tract 112.06, Hamilton County, Tennessee","333","null","0","null","333","null",
"1500000US470650112062","Block Group 2, Census Tract 112.06, Hamilton County, Tennessee","719","null","0","null","719","null",
"1500000US470650112063","Block Group 3, Census Tract 112.06, Hamilton County, Tennessee","1122","null","0","null","1122","null",
"1500000US470650113111","Block Group 1, Census Tract 113.11, Hamilton County, Tennessee","485","null","10","null","475","null",
"1500000US470650113112","Block Group 2, Census Tract 113.11, Hamilton County, Tennessee","796","null","15","null","781","null",
"1500000US470650113113","Block Group 3, Census Tract 113.11, Hamilton County, Tennessee","565","null","18","null","547","null",
"1500000US470650113114","Block Group 4, Census Tract 113.11, Hamilton County, Tennessee","353","null","0","null","353","null",
"1500000US470650113115","Block Group 5, Census Tract 113.11, Hamilton County, Tennessee","293","null","0","null","293","null",
"1500000US470650113116","Block Group 6, Census Tract 113.11, Hamilton County, Tennessee","1239","null","0","null","1239","null",
"1500000US470650113141","Block Group 1, Census Tract 113.14, Hamilton County, Tennessee","421","null","5","null","416","null",
"1500000US470650113142","Block Group 2, Census Tract 113.14, Hamilton County, Tennessee","1170","null","0","null","1170","null",
"1500000US470650113143","Block Group 3, Census Tract 113.14, Hamilton County, Tennessee","375","null","0","null","375","null",
"1500000US470650113211","Block Group 1, Census Tract 113.21, Hamilton County, Tennessee","531","null","0","null","531","null",
"1500000US470650113212","Block Group 2, Census Tract 113.21, Hamilton County, Tennessee","730","null","0","null","730","null",
"1500000US470650113213","Block Group 3, Census Tract 113.21, Hamilton County, Tennessee","672","null","63","null","609","null",
"1500000US470650113214","Block Group 4, Census Tract 113.21, Hamilton County, Tennessee","1188","null","0","null","1188","null",
"1500000US470650113231","Block Group 1, Census Tract 113.23, Hamilton County, Tennessee","878","null","0","null","878","null",
"1500000US470650113232","Block Group 2, Census Tract 113.23, Hamilton County, Tennessee","261","null","0","null","261","null",
"1500000US470650113233","Block Group 3, Census Tract 113.23, Hamilton County, Tennessee","452","null","0","null","452","null",
"1500000US470650113234","Block Group 4, Census Tract 113.23, Hamilton County, Tennessee","943","null","0","null","943","null",
"1500000US470650113241","Block Group 1, Census Tract 113.24, Hamilton County, Tennessee","550","null","0","null","550","null",
"1500000US470650113242","Block Group 2, Census Tract 113.24, Hamilton County, Tennessee","1033","null","6","null","1027","null",
"1500000US470650113251","Block Group 1, Census Tract 113.25, Hamilton County, Tennessee","487","null","10","null","477","null",
"1500000US470650113252","Block Group 2, Census Tract 113.25, Hamilton County, Tennessee","360","null","0","null","360","null",
"1500000US470650113253","Block Group 3, Census Tract 113.25, Hamilton County, Tennessee","317","null","18","null","299","null",
"1500000US470650113254","Block Group 4, Census Tract 113.25, Hamilton County, Tennessee","1010","null","0","null","1010","null",
"1500000US470650113261","Block Group 1, Census Tract 113.26, Hamilton County, Tennessee","1587","null","0","null","1587","null",
"1500000US470650113262","Block Group 2, Census Tract 113.26, Hamilton County, Tennessee","436","null","0","null","436","null",
"1500000US470650113263","Block Group 3, Census Tract 113.26, Hamilton County, Tennessee","641","null","0","null","641","null",
"1500000US470650114021","Block Group 1, Census Tract 114.02, Hamilton County, Tennessee","659","null","0","null","659","null",
"1500000US470650114022","Block Group 2, Census Tract 114.02, Hamilton County, Tennessee","636","null","0","null","636","null",
"1500000US470650114023","Block Group 3, Census Tract 114.02, Hamilton County, Tennessee","647","null","12","null","635","null",
"1500000US470650114024","Block Group 4, Census Tract 114.02, Hamilton County, Tennessee","561","null","0","null","561","null",
"1500000US470650114111","Block Group 1, Census Tract 114.11, Hamilton County, Tennessee","345","null","0","null","345","null",
"1500000US470650114112","Block Group 2, Census Tract 114.11, Hamilton County, Tennessee","581","null","0","null","581","null",
"1500000US470650114113","Block Group 3, Census Tract 114.11, Hamilton County, Tennessee","855","null","0","null","855","null",
"1500000US470650114131","Block Group 1, Census Tract 114.13, Hamilton County, Tennessee","765","null","26","null","739","null",
"1500000US470650114132","Block Group 2, Census Tract 114.13, Hamilton County, Tennessee","1123","null","0","null","1123","null",
"1500000US470650114133","Block Group 3, Census Tract 114.13, Hamilton County, Tennessee","591","null","0","null","591","null",
"1500000US470650114134","Block Group 4, Census Tract 114.13, Hamilton County, Tennessee","490","null","0","null","490","null",
"1500000US470650114135","Block Group 5, Census Tract 114.13, Hamilton County, Tennessee","429","null","0","null","429","null",
"1500000US470650114421","Block Group 1, Census Tract 114.42, Hamilton County, Tennessee","558","null","19","null","539","null",
"1500000US470650114422","Block Group 2, Census Tract 114.42, Hamilton County, Tennessee","592","null","34","null","558","null",
"1500000US470650114441","Block Group 1, Census Tract 114.44, Hamilton County, Tennessee","629","null","0","null","629","null",
"1500000US470650114442","Block Group 2, Census Tract 114.44, Hamilton County, Tennessee","916","null","19","null","897","null",
"1500000US470650114451","Block Group 1, Census Tract 114.45, Hamilton County, Tennessee","204","null","0","null","204","null",
"1500000US470650114452","Block Group 2, Census Tract 114.45, Hamilton County, Tennessee","641","null","0","null","641","null",
"1500000US470650114453","Block Group 3, Census Tract 114.45, Hamilton County, Tennessee","425","null","28","null","397","null",
"1500000US470650114454","Block Group 4, Census Tract 114.45, Hamilton County, Tennessee","691","null","0","null","691","null",
"1500000US470650114461","Block Group 1, Census Tract 114.46, Hamilton County, Tennessee","1022","null","0","null","1022","null",
"1500000US470650114462","Block Group 2, Census Tract 114.46, Hamilton County, Tennessee","0","null","0","null","0","null",
"1500000US470650114463","Block Group 3, Census Tract 114.46, Hamilton County, Tennessee","1023","null","0","null","1023","null",
"1500000US470650114471","Block Group 1, Census Tract 114.47, Hamilton County, Tennessee","115","null","27","null","88","null",
"1500000US470650114472","Block Group 2, Census Tract 114.47, Hamilton County, Tennessee","787","null","0","null","787","null",
"1500000US470650114473","Block Group 3, Census Tract 114.47, Hamilton County, Tennessee","520","null","0","null","520","null",
"1500000US470650114474","Block Group 4, Census Tract 114.47, Hamilton County, Tennessee","464","null","18","null","446","null",
"1500000US470650114475","Block Group 5, Census Tract 114.47, Hamilton County, Tennessee","265","null","0","null","265","null",
"1500000US470650114476","Block Group 6, Census Tract 114.47, Hamilton County, Tennessee","860","null","0","null","860","null",
"1500000US470650114481","Block Group 1, Census Tract 114.48, Hamilton County, Tennessee","1265","null","0","null","1265","null",
"1500000US470650114482","Block Group 2, Census Tract 114.48, Hamilton County, Tennessee","274","null","0","null","274","null",
"1500000US470650114483","Block Group 3, Census Tract 114.48, Hamilton County, Tennessee","517","null","0","null","517","null",
"1500000US470650114491","Block Group 1, Census Tract 114.49, Hamilton County, Tennessee","316","null","21","null","295","null",
"1500000US470650114492","Block Group 2, Census Tract 114.49, Hamilton County, Tennessee","767","null","0","null","767","null",
"1500000US470650116001","Block Group 1, Census Tract 116, Hamilton County, Tennessee","460","null","0","null","460","null",
"1500000US470650116002","Block Group 2, Census Tract 116, Hamilton County, Tennessee","569","null","0","null","569","null",
"1500000US470650116003","Block Group 3, Census Tract 116, Hamilton County, Tennessee","396","null","0","null","396","null",
"1500000US470650116004","Block Group 4, Census Tract 116, Hamilton County, Tennessee","205","null","0","null","205","null",
"1500000US470650116005","Block Group 5, Census Tract 116, Hamilton County, Tennessee","197","null","0","null","197","null",
"1500000US470650116006","Block Group 6, Census Tract 116, Hamilton County, Tennessee","794","null","0","null","794","null",
"1500000US470650117001","Block Group 1, Census Tract 117, Hamilton County, Tennessee","344","null","11","null","333","null",
"1500000US470650117002","Block Group 2, Census Tract 117, Hamilton County, Tennessee","449","null","0","null","449","null",
"1500000US470650117003","Block Group 3, Census Tract 117, Hamilton County, Tennessee","648","null","6","null","642","null",
"1500000US470650117004","Block Group 4, Census Tract 117, Hamilton County, Tennessee","437","null","0","null","437","null",
"1500000US470650118001","Block Group 1, Census Tract 118, Hamilton County, Tennessee","538","null","17","null","521","null",
"1500000US470650118002","Block Group 2, Census Tract 118, Hamilton County, Tennessee","348","null","0","null","348","null",
"1500000US470650118003","Block Group 3, Census Tract 118, Hamilton County, Tennessee","330","null","0","null","330","null",
"1500000US470650118004","Block Group 4, Census Tract 118, Hamilton County, Tennessee","650","null","0","null","650","null",
"1500000US470650118005","Block Group 5, Census Tract 118, Hamilton County, Tennessee","270","null","0","null","270","null",
"1500000US470650118006","Block Group 6, Census Tract 118, Hamilton County, Tennessee","738","null","49","null","689","null",
"1500000US470650119001","Block Group 1, Census Tract 119, Hamilton County, Tennessee","334","null","0","null","334","null",
"1500000US470650119002","Block Group 2, Census Tract 119, Hamilton County, Tennessee","370","null","4","null","366","null",
"1500000US470650120001","Block Group 1, Census Tract 120, Hamilton County, Tennessee","414","null","8","null","406","null",
"1500000US470650120002","Block Group 2, Census Tract 120, Hamilton County, Tennessee","340","null","4","null","336","null",
"1500000US470650121001","Block Group 1, Census Tract 121, Hamilton County, Tennessee","605","null","0","null","605","null",
"1500000US470650121002","Block Group 2, Census Tract 121, Hamilton County, Tennessee","520","null","0","null","520","null",
"1500000US470650121003","Block Group 3, Census Tract 121, Hamilton County, Tennessee","799","null","0","null","799","null",
"1500000US470650121004","Block Group 4, Census Tract 121, Hamilton County, Tennessee","330","null","0","null","330","null",
"1500000US470650121005","Block Group 5, Census Tract 121, Hamilton County, Tennessee","533","null","0","null","533","null",
"1500000US470650122001","Block Group 1, Census Tract 122, Hamilton County, Tennessee","459","null","0","null","459","null",
"1500000US470650122002","Block Group 2, Census Tract 122, Hamilton County, Tennessee","107","null","0","null","107","null",
"1500000US470650122003","Block Group 3, Census Tract 122, Hamilton County, Tennessee","452","null","0","null","452","null",
"1500000US470650123001","Block Group 1, Census Tract 123, Hamilton County, Tennessee","697","null","8","null","689","null",
"1500000US470650123002","Block Group 2, Census Tract 123, Hamilton County, Tennessee","226","null","0","null","226","null",
"1500000US470650123003","Block Group 3, Census Tract 123, Hamilton County, Tennessee","1153","null","14","null","1139","null",
"1500000US470650124001","Block Group 1, Census Tract 124, Hamilton County, Tennessee","166","null","0","null","166","null",
"1500000US470650124002","Block Group 2, Census Tract 124, Hamilton County, Tennessee","502","null","0","null","502","null",
"1500000US470650124003","Block Group 3, Census Tract 124, Hamilton County, Tennessee","518","null","0","null","518","null",
"1500000US470650124004","Block Group 4, Census Tract 124, Hamilton County, Tennessee","252","null","9","null","243","null",
"1500000US470659801001","Block Group 1, Census Tract 9801, Hamilton County, Tennessee","0","null","0","null","0","null",
"1500000US470659802001","Block Group 1, Census Tract 9802, Hamilton County, Tennessee","0","null","0","null","0","null",
"1500000US470659802002","Block Group 2, Census Tract 9802, Hamilton County, Tennessee","0","null","0","null","0","null",
"1500000US470659802003","Block Group 3, Census Tract 9802, Hamilton County, Tennessee","0","null","0","null","0","null",
"1600000US4714000","Chattanooga city, Tennessee","77179","null","818","null","76361","null",
